YML File,Prolog File,FNs Using Roles,FN Count,Private FN Count,Public FN Count,Resource Count,Public RW Resources,Public RO Resources,Public WO Resources,Private Resources,dynamodb Resources,rds Resources,secretsmanager Resources,route53 Resources,kinesis Resources,s3 Resources,apigateway Resources,sqs Resources,ssm Resources,sdb Resources,event Resources,kms Resources,sns Resources,Global IAM Stmts,Min Stmts Defined Per FN,Max Stmts Defined Per FN,Avg Stmts Defined Per FN,Full Wildcard Resources,Full Wildcard Permissions,Partial Wildcard Resources,Partial Wildcard Permissions,Permission Facts Generated,Min Facts Generated Per FN,Max Facts Generated Per FN,Avg Facts Generated Per FN,Event Triggers,S3 Triggers,IoT Triggers,Stream Msg Triggers,SNS Msg Triggers
/data/serverless-dataset/lingrino/infra-personal/serverless/sns-notifier/serverless.yml,/data/results/lingrino-infra-personal-3.pl,0,1,1,0,0,0,0,0,0,0,0,0,0,0,0,0,0,0,0,0,0,0,1,0,0,0,1,0,0,0,0,0,0,0,2,0,0,0,2
/data/serverless-dataset/nikgraf/serverless-framework-course/lesson-6/serverless.yml,/data/results/nikgraf-serverless-framework-course-6.pl,0,1,0,1,1,0,0,0,1,1,0,0,0,0,0,0,0,0,0,0,0,0,1,0,0,0,0,0,0,0,1,1,1,1.0,0,0,0,0,0
/data/serverless-dataset/nikgraf/serverless-framework-course/lesson-7/serverless.yml,/data/results/nikgraf-serverless-framework-course-7.pl,0,2,0,2,2,0,0,0,2,2,0,0,0,0,0,0,0,0,0,0,0,0,1,0,0,0,0,0,0,0,4,2,2,2.0,0,0,0,0,0
/data/serverless-dataset/bbilger/jrestless-examples/aws/service/aws-service-usage-example-client/serverless.yml,/data/results/bbilger-jrestless-examples-10.pl,0,1,0,1,0,0,0,0,0,0,0,0,0,0,0,0,0,0,0,0,0,0,1,0,0,0,1,0,0,0,0,0,0,0,0,0,0,0,0
/data/serverless-dataset/DavidWells/serverless-workshop/lessons-code-complete/events/s3/serverless.yml,/data/results/DavidWells-serverless-workshop-15.pl,0,2,1,1,1,0,1,0,0,0,0,0,0,0,1,0,0,0,0,0,0,0,1,0,0,0,0,0,2,0,4,2,2,2.0,4,4,0,0,0
/data/serverless-dataset/DavidWells/serverless-workshop/_instructor/events/s3/serverless.yml,/data/results/DavidWells-serverless-workshop-24.pl,0,2,1,1,1,0,1,0,0,0,0,0,0,0,1,0,0,0,0,0,0,0,1,0,0,0,0,0,2,0,4,2,2,2.0,4,4,0,0,0
/data/serverless-dataset/jweyrich/cloudfront-invalidate-dist/serverless.yml,/data/results/jweyrich-cloudfront-invalidate-dist-30.pl,0,1,1,0,0,0,0,0,0,0,0,0,0,0,0,0,0,0,0,0,0,0,1,0,0,0,1,0,0,0,0,0,0,0,0,0,0,0,0
/data/serverless-dataset/cube-js/cube.js/examples/aws-web-analytics/event-collection/serverless.yml,/data/results/cube-js-cube.js-44.pl,0,1,0,1,0,0,0,0,0,0,0,0,0,0,0,0,0,0,0,0,0,0,1,0,0,0,1,0,0,0,0,0,0,0,0,0,0,0,0
/data/serverless-dataset/zozs/a-wild-button-appears/serverless.yml,/data/results/zozs-a-wild-button-appears-45.pl,0,1,0,1,0,0,0,0,0,0,0,0,0,0,0,0,0,0,0,0,0,0,1,0,0,0,0,0,1,0,0,0,0,0,1,0,0,0,0
/data/serverless-dataset/keitakn/aws-serverless-prototype/serverless.yml,/data/results/keitakn-aws-serverless-prototype-47.pl,0,10,1,9,2,0,0,0,2,2,0,0,0,0,0,0,0,0,0,0,0,0,1,0,0,0,0,0,1,0,140,14,14,14.0,0,0,0,0,0
/data/serverless-dataset/diegozanon/serverless-notifications/serverless.yml,/data/results/diegozanon-serverless-notifications-52.pl,0,1,0,1,0,0,0,0,0,0,0,0,0,0,0,0,0,0,0,0,0,0,2,0,0,0,2,0,0,0,0,0,0,0,0,0,0,0,0
/data/serverless-dataset/awskrug/kendra-button/query/serverless.yml,/data/results/awskrug-kendra-button-64.pl,0,1,0,1,0,0,0,0,0,0,0,0,0,0,0,0,0,0,0,0,0,0,1,0,0,0,1,0,0,1,0,0,0,0,0,0,0,0,0
/data/serverless-dataset/serverless/examples/aws-node-fetch-file-and-store-in-s3/serverless.yml,/data/results/serverless-examples-69.pl,0,1,1,0,0,0,0,0,0,0,0,0,0,0,0,0,0,0,0,0,0,0,1,0,0,0,0,0,1,0,0,0,0,0,0,0,0,0,0
/data/serverless-dataset/serverless/examples/aws-node-text-analysis-via-sns-post-processing/serverless.yml,/data/results/serverless-examples-72.pl,0,2,1,1,0,0,0,0,0,0,0,0,0,0,0,0,0,0,0,0,0,0,1,0,0,0,1,0,0,1,0,0,0,0,1,0,0,0,1
/data/serverless-dataset/serverless/examples/aws-node-dynamodb-backup/serverless.yml,/data/results/serverless-examples-73.pl,0,1,1,0,0,0,0,0,0,0,0,0,0,0,0,0,0,0,0,0,0,0,2,0,0,0,0,0,0,0,5,5,5,5.0,0,0,0,0,0
/data/serverless-dataset/serverless/examples/aws-ffmpeg-layer/serverless.yml,/data/results/serverless-examples-74.pl,0,1,1,0,0,0,0,0,0,0,0,0,0,0,0,0,0,0,0,0,0,0,1,0,0,0,0,0,1,0,0,0,0,0,6,6,0,0,0
/data/serverless-dataset/serverless/examples/aws-node-signed-uploads/serverless.yml,/data/results/serverless-examples-77.pl,0,1,0,1,1,0,0,0,1,0,0,0,0,0,1,0,0,0,0,0,0,0,1,0,0,0,1,0,0,1,4,4,4,4.0,0,0,0,0,0
/data/serverless-dataset/serverless/examples/aws-node-rekognition-analysis-s3-image/serverless.yml,/data/results/serverless-examples-84.pl,0,1,0,1,0,0,0,0,0,0,0,0,0,0,0,0,0,0,0,0,0,0,2,0,0,0,2,0,0,2,0,0,0,0,0,0,0,0,0
/data/serverless-dataset/serverless/examples/aws-node-upload-to-s3-and-postprocess/serverless.yml,/data/results/serverless-examples-87.pl,0,1,1,0,0,0,0,0,0,0,0,0,0,0,0,0,0,0,0,0,0,0,1,0,0,0,1,0,0,1,0,0,0,0,4,4,0,0,0
/data/serverless-dataset/serverless/examples/aws-node-simple-transcribe-s3/serverless.yml,/data/results/serverless-examples-90.pl,0,1,1,0,1,0,0,0,1,0,0,0,0,0,1,0,0,0,0,0,0,0,2,0,0,0,1,0,2,0,2,2,2,2.0,4,4,0,0,0
/data/serverless-dataset/serverless/examples/aws-node-dynamic-image-resizer/serverless.yml,/data/results/serverless-examples-96.pl,0,1,0,1,0,0,0,0,0,0,0,0,0,0,0,0,0,0,0,0,0,0,0,2,2,2.0,0,0,2,0,0,0,0,0,0,0,0,0,0
/data/serverless-dataset/serverless/examples/aws-golang-s3-file-replicator/serverless.yml,/data/results/serverless-examples-97.pl,0,1,1,0,0,0,0,0,0,0,0,0,0,0,0,0,0,0,0,0,0,0,2,0,0,0,0,0,2,2,0,0,0,0,4,4,0,0,0
/data/serverless-dataset/Accenture/serverless-ephemeral/examples/image-processor/serverless.yml,/data/results/Accenture-serverless-ephemeral-106.pl,0,2,2,0,0,0,0,0,0,0,0,0,0,0,0,0,0,0,0,0,0,0,1,0,0,0,1,0,0,0,0,0,0,0,4,4,0,0,0
/data/serverless-dataset/malaquiasdev/ghiblidb-graphql/serverless.yml,/data/results/malaquiasdev-ghiblidb-graphql-107.pl,0,2,1,1,0,0,0,0,0,0,0,0,0,0,0,0,0,0,0,0,0,0,1,0,0,0,0,0,1,3,0,0,0,0,0,0,0,0,0
/data/serverless-dataset/chrisxue815/realworld-aws-lambda-dynamodb-go/serverless.yml,/data/results/chrisxue815-realworld-aws-lambda-dynamodb-go-108.pl,0,19,0,19,8,0,0,0,8,8,0,0,0,0,0,0,0,0,0,0,0,0,1,0,0,0,0,0,1,0,912,48,48,48.0,0,0,0,0,0
/data/serverless-dataset/Vetal1977/tf_aws_lambda/serverless.yml,/data/results/Vetal1977-tf_aws_lambda-110.pl,0,1,0,1,2,0,0,0,2,0,0,0,0,0,2,0,0,0,0,0,0,0,1,0,0,0,0,0,2,0,2,2,2,2.0,0,0,0,0,0
/data/serverless-dataset/kalinchernev/aws-node-signed-uploads/serverless.yml,/data/results/kalinchernev-aws-node-signed-uploads-111.pl,0,1,0,1,1,0,0,0,1,0,0,0,0,0,1,0,0,0,0,0,0,0,1,0,0,0,1,0,0,1,4,4,4,4.0,0,0,0,0,0
/data/serverless-dataset/infinityworks/101-Sessions/sessions/Serverless-100/103/greedy-cats/serverless.yml,/data/results/infinityworks-101-Sessions-112.pl,0,1,0,1,2,0,1,0,1,0,0,0,0,0,2,0,0,0,0,0,0,0,2,0,0,0,0,0,1,0,5,5,5,5.0,0,0,0,0,0
/data/serverless-dataset/1Strategy/serverless-ci-cd/serverless.yml,/data/results/1Strategy-serverless-ci-cd-113.pl,0,2,0,2,1,0,0,0,1,1,0,0,0,0,0,0,0,0,0,0,0,0,1,0,0,0,0,0,1,0,14,7,7,7.0,0,0,0,0,0
/data/serverless-dataset/tobilg/aws-lambda-api-call-recorder/example/serverless.yml,/data/results/tobilg-aws-lambda-api-call-recorder-117.pl,0,1,0,1,0,0,0,0,0,0,0,0,0,0,0,0,0,0,0,0,0,0,0,1,1,1.0,0,0,0,0,0,0,0,0,0,0,0,0,0
/data/serverless-dataset/developmentseed/cogeo-mosaic-tiler/serverless.yml,/data/results/developmentseed-cogeo-mosaic-tiler-118.pl,0,1,0,1,0,0,0,0,0,0,0,0,0,0,0,0,0,0,0,0,0,0,2,0,0,0,0,1,1,0,4,4,4,4.0,0,0,0,0,0
/data/serverless-dataset/sscarduzio/CryptoLambda/serverless.yml,/data/results/sscarduzio-CryptoLambda-124.pl,0,1,1,0,1,0,0,0,1,0,0,0,0,0,0,0,0,0,0,0,1,0,1,0,0,0,0,0,0,0,0,0,0,0,1,0,0,0,0
/data/serverless-dataset/gladly-team/tab/lambda/serverless-lambda.yml,/data/results/gladly-team-tab-132.pl,0,1,1,0,1,0,0,0,1,0,0,0,0,0,0,0,0,0,0,0,1,0,1,0,0,0,0,0,0,0,0,0,0,0,0,0,0,0,0
/data/serverless-dataset/ritchie46/serverless-model-aws/serverless/batch-transform/serverless.yml,/data/results/ritchie46-serverless-model-aws-142.pl,0,1,1,0,1,0,0,0,1,0,0,0,0,0,0,0,1,0,0,0,0,0,1,0,0,0,1,0,0,3,2,2,2,2.0,4,4,0,0,0
/data/serverless-dataset/llatinov/aws.examples.csharp/DynamoDbServerless/serverless.yml,/data/results/llatinov-aws.examples.csharp-145.pl,0,3,1,2,0,0,0,0,0,0,0,0,0,0,0,0,0,0,0,0,0,0,2,0,0,0,0,0,0,0,0,0,0,0,0,0,0,0,0
/data/serverless-dataset/mavi888/lamdba-triggers-example/serverless.yml,/data/results/mavi888-lamdba-triggers-example-151.pl,0,5,3,2,1,0,0,0,1,1,0,0,0,0,0,0,0,0,0,0,0,0,1,0,0,0,0,0,0,0,0,0,0,0,6,4,0,1,1
/data/serverless-dataset/EwanValentine/serverless-api-example/serverless.yml,/data/results/EwanValentine-serverless-api-example-154.pl,0,1,0,1,0,0,0,0,0,0,0,0,0,0,0,0,0,0,0,0,0,0,2,0,0,0,2,0,0,2,0,0,0,0,0,0,0,0,0
/data/serverless-dataset/EwanValentine/invoicely/serverless.yml,/data/results/EwanValentine-invoicely-155.pl,0,9,0,9,3,0,0,0,3,3,0,0,0,0,0,0,0,0,0,0,0,0,1,0,0,0,0,0,1,0,162,18,18,18.0,0,0,0,0,0
/data/serverless-dataset/jkrnak/serverless-lambda-at-edge/serverless.yml,/data/results/jkrnak-serverless-lambda-at-edge-158.pl,1,1,1,0,0,0,0,0,0,0,0,0,0,0,0,0,0,0,0,0,0,0,0,0,0,0,1,0,0,0,0,0,0,0,0,0,0,0,0
/data/serverless-dataset/vamperst/serverless-talk-demo/Lambdas/receive-vote/serverless.yml,/data/results/vamperst-serverless-talk-demo-167.pl,0,1,0,1,0,0,0,0,0,0,0,0,0,0,0,0,0,0,0,0,0,0,1,0,0,0,0,0,1,0,0,0,0,0,0,0,0,0,0
/data/serverless-dataset/vamperst/serverless-talk-demo/Lambdas/aggregate-votes/serverless.yml,/data/results/vamperst-serverless-talk-demo-168.pl,0,1,1,0,0,0,0,0,0,0,0,0,0,0,0,0,0,0,0,0,0,0,1,0,0,0,0,0,1,0,0,0,0,0,1,0,0,1,0
/data/serverless-dataset/galesky/aws-billing-slack-lambda/serverless.yml,/data/results/galesky-aws-billing-slack-lambda-170.pl,0,1,1,0,0,0,0,0,0,0,0,0,0,0,0,0,0,0,0,0,0,0,1,0,0,0,1,0,0,0,0,0,0,0,1,0,0,0,0
/data/serverless-dataset/spherehq/sphere/packages/database/serverless.yml,/data/results/spherehq-sphere-171.pl,0,1,0,1,0,0,0,0,0,0,0,0,0,0,0,0,0,0,0,0,0,0,1,0,0,0,1,0,0,1,0,0,0,0,0,0,0,0,0
/data/serverless-dataset/JamesKyburz/aws-lambda-ws-server/packages/aws-lambda-ws-server/serverless-example.yml,/data/results/JamesKyburz-aws-lambda-ws-server-172.pl,0,1,0,1,0,0,0,0,0,0,0,0,0,0,0,0,0,0,0,0,0,0,1,0,0,0,0,0,0,0,1,1,1,1.0,0,0,0,0,0
/data/serverless-dataset/nuweba/faasbenchmark/arsenal/providerstorage/aws/serverless.yml,/data/results/nuweba-faasbenchmark-183.pl,0,5,5,0,1,0,1,0,0,0,0,0,0,0,1,0,0,0,0,0,0,0,1,0,0,0,1,0,0,1,20,4,4,4.0,0,0,0,0,0
/data/serverless-dataset/Codebrahma/serverless-grocery-app/packages/CB-serverless-backend/serverless.yml,/data/results/Codebrahma-serverless-grocery-app-187.pl,0,10,0,10,0,0,0,0,0,0,0,0,0,0,0,0,0,0,0,0,0,0,1,0,0,0,1,0,0,0,0,0,0,0,0,0,0,0,0
/data/serverless-dataset/ac360/cloudevents-demo/aws/serverless.yml,/data/results/ac360-cloudevents-demo-188.pl,0,3,2,1,0,0,0,0,0,0,0,0,0,0,0,0,0,0,0,0,0,0,1,0,0,0,1,0,0,1,0,0,0,0,5,4,0,0,0
/data/serverless-dataset/tminussi/curso-nanoservices/filter-handler/serverless.yml,/data/results/tminussi-curso-nanoservices-190.pl,1,1,1,0,0,0,0,0,0,0,0,0,0,0,0,0,0,0,0,0,0,0,0,0,0,0,0,0,0,0,0,0,0,0,1,0,0,0,1
/data/serverless-dataset/tminussi/curso-nanoservices/thumbnail-handler/serverless.yml,/data/results/tminussi-curso-nanoservices-191.pl,1,1,1,0,0,0,0,0,0,0,0,0,0,0,0,0,0,0,0,0,0,0,0,0,0,0,0,0,0,0,0,0,0,0,1,0,0,0,1
/data/serverless-dataset/tminussi/curso-nanoservices/image-consumer/serverless.yml,/data/results/tminussi-curso-nanoservices-192.pl,1,1,1,0,0,0,0,0,0,0,0,0,0,0,0,0,0,0,0,0,0,0,0,0,0,0,0,0,0,0,0,0,0,0,0,0,0,0,0
/data/serverless-dataset/tminussi/curso-nanoservices/image-tagging-filter/serverless.yml,/data/results/tminussi-curso-nanoservices-193.pl,1,1,1,0,0,0,0,0,0,0,0,0,0,0,0,0,0,0,0,0,0,0,0,0,0,0,0,0,0,0,0,0,0,0,1,0,0,0,1
/data/serverless-dataset/tminussi/curso-nanoservices/http-handler/serverless.yml,/data/results/tminussi-curso-nanoservices-194.pl,2,2,0,2,0,0,0,0,0,0,0,0,0,0,0,0,0,0,0,0,0,0,0,0,0,0,0,0,0,0,0,0,0,0,0,0,0,0,0
/data/serverless-dataset/awslabs/amazon-pollexy/serverless.yml,/data/results/awslabs-amazon-pollexy-204.pl,0,1,1,0,0,0,0,0,0,0,0,0,0,0,0,0,0,0,0,0,0,0,3,0,0,0,0,0,1,2,13,13,13,13.0,0,0,0,0,0
/data/serverless-dataset/juliensimon/aws/lambda_frameworks/serverless/sagemakerscheduler/serverless.yml,/data/results/juliensimon-aws-255.pl,0,1,1,0,1,0,0,0,1,0,0,0,0,0,0,0,0,0,0,0,0,0,2,0,0,0,0,0,1,0,1,1,1,1.0,1,0,0,0,0
/data/serverless-dataset/marcgreenstock/data-api-suite/example/serverless.yml,/data/results/marcgreenstock-data-api-suite-261.pl,0,5,0,5,2,0,0,0,2,0,1,1,0,0,0,0,0,0,0,0,0,0,2,0,0,0,0,0,0,1,5,1,1,1.0,0,0,0,0,0
/data/serverless-dataset/Snowflake-Labs/sfguide-recommender-pipeline/sls/serverless.yml,/data/results/Snowflake-Labs-sfguide-recommender-pipeline-263.pl,0,3,0,3,1,0,0,0,1,0,0,0,0,0,1,0,0,0,0,0,0,0,2,0,0,0,2,0,0,0,0,0,0,0,0,0,0,0,0
/data/serverless-dataset/Swizec/lambda-screenshot-as-a-service/serverless.yml,/data/results/Swizec-lambda-screenshot-as-a-service-265.pl,0,4,0,4,0,0,0,0,0,0,0,0,0,0,0,0,0,0,0,0,0,0,1,0,0,0,0,0,1,0,0,0,0,0,0,0,0,0,0
/data/serverless-dataset/phpstan/phpstan/playground-api/serverless.yml,/data/results/phpstan-phpstan-286.pl,3,3,0,3,0,0,0,0,0,0,0,0,0,0,0,0,0,0,0,0,0,0,0,0,0,0,0,0,0,0,0,0,0,0,0,0,0,0,0
/data/serverless-dataset/haltakov/natural-language-image-search/unsplash-proxy/serverless.yml,/data/results/haltakov-natural-language-image-search-289.pl,0,1,0,1,1,0,0,0,1,0,0,0,0,0,0,0,0,1,0,0,0,0,1,0,0,0,0,0,0,0,1,1,1,1.0,0,0,0,0,0
/data/serverless-dataset/cowholio4/lambda-contact-form/serverless.yml,/data/results/cowholio4-lambda-contact-form-290.pl,0,1,0,1,0,0,0,0,0,0,0,0,0,0,0,0,0,0,0,0,0,0,1,0,0,0,1,0,0,0,0,0,0,0,0,0,0,0,0
/data/serverless-dataset/jameskirkby/serverless-contact-form/serverless.yml,/data/results/jameskirkby-serverless-contact-form-292.pl,0,1,0,1,0,0,0,0,0,0,0,0,0,0,0,0,0,0,0,0,0,0,1,0,0,0,1,0,0,0,0,0,0,0,0,0,0,0,0
/data/serverless-dataset/ryfeus/stepfunctions2processing/aws-lambda/serverless.yml,/data/results/ryfeus-stepfunctions2processing-309.pl,0,3,3,0,1,0,0,0,1,0,0,0,0,0,0,0,0,0,0,0,0,0,2,0,0,0,0,0,0,0,15,5,5,5.0,1,0,0,0,0
/data/serverless-dataset/Andrii-D/telegram-stepfunctions-bot/serverless.yml,/data/results/Andrii-D-telegram-stepfunctions-bot-314.pl,0,4,4,0,2,0,0,0,2,2,0,0,0,0,0,0,0,0,0,0,0,0,1,0,0,0,0,0,1,0,48,12,12,12.0,0,0,0,0,0
/data/serverless-dataset/foby/aws-ecs-public-dns/serverless.yml,/data/results/foby-aws-ecs-public-dns-319.pl,0,1,1,0,0,0,0,0,0,0,0,0,0,0,0,0,0,0,0,0,0,0,1,0,0,0,1,0,0,0,0,0,0,0,1,0,0,0,0
/data/serverless-dataset/SC5/serverless-blog-workshop/serverless.yml,/data/results/SC5-serverless-blog-workshop-325.pl,0,1,0,1,1,0,0,0,1,1,0,0,0,0,0,0,0,0,0,0,0,0,2,0,0,0,0,0,2,2,11,11,11,11.0,0,0,0,0,0
/data/serverless-dataset/SC5/serverless-messenger-boilerplate/serverless.yml,/data/results/SC5-serverless-messenger-boilerplate-327.pl,0,2,1,1,1,0,0,0,1,1,0,0,0,0,0,0,0,0,0,0,0,0,2,0,0,0,0,0,2,0,10,5,5,5.0,2,0,0,0,2
/data/serverless-dataset/uport-project/lambda-sensui/serverless.yml,/data/results/uport-project-lambda-sensui-333.pl,0,4,1,3,0,0,0,0,0,0,0,0,0,0,0,0,0,0,0,0,0,0,1,0,0,0,0,0,0,0,0,0,0,0,1,0,0,0,0
/data/serverless-dataset/codesandbox/screenshotter/serverless.yml,/data/results/codesandbox-screenshotter-334.pl,0,1,1,0,1,0,1,0,0,0,0,0,0,0,1,0,0,0,0,0,0,0,1,0,0,0,0,0,1,1,4,4,4,4.0,0,0,0,0,0
/data/serverless-dataset/codesandbox/dependency-packager/serverless.yml,/data/results/codesandbox-dependency-packager-335.pl,0,2,1,1,1,0,1,0,0,0,0,0,0,0,1,0,0,0,0,0,0,0,2,0,0,0,1,0,1,1,12,6,6,6.0,0,0,0,0,0
/data/serverless-dataset/danniehansen/activity-timer/serverless.yml,/data/results/danniehansen-activity-timer-336.pl,0,2,0,2,1,0,0,0,1,1,0,0,0,0,0,0,0,0,0,0,0,0,1,0,0,0,1,0,0,0,10,5,5,5.0,0,0,0,0,0
/data/serverless-dataset/johnagan/serverless-slackbot/serverless.yml,/data/results/johnagan-serverless-slackbot-344.pl,0,1,0,1,1,0,0,0,1,1,0,0,0,0,0,0,0,0,0,0,0,0,1,0,0,0,1,0,0,1,7,7,7,7.0,1,0,0,0,1
/data/serverless-dataset/johnagan/serverless-slack-app/serverless.yml,/data/results/johnagan-serverless-slack-app-345.pl,0,1,0,1,1,0,0,0,1,1,0,0,0,0,0,0,0,0,0,0,0,0,1,0,0,0,0,0,1,0,7,7,7,7.0,0,0,0,0,0
/data/serverless-dataset/johnagan/slack-devkit/examples/serverless.example.yml,/data/results/johnagan-slack-devkit-346.pl,0,1,0,1,1,0,0,0,1,1,0,0,0,0,0,0,0,0,0,0,0,0,1,0,0,0,0,0,1,0,7,7,7,7.0,0,0,0,0,0
/data/serverless-dataset/3box/3box-address-server/serverless.yml,/data/results/3box-3box-address-server-348.pl,0,5,0,5,0,0,0,0,0,0,0,0,0,0,0,0,0,0,0,0,0,0,2,0,0,0,0,0,1,1,0,0,0,0,0,0,0,0,0
/data/serverless-dataset/jonatassaraiva/microservice-serverless-lambda-nodejs/serverless.yml,/data/results/jonatassaraiva-microservice-serverless-lambda-nodejs-355.pl,0,1,0,1,0,0,0,0,0,0,0,0,0,0,0,0,0,0,0,0,0,0,1,0,0,0,1,0,0,0,0,0,0,0,0,0,0,0,0
/data/serverless-dataset/diego3g/nivo/serverless.yml,/data/results/diego3g-nivo-358.pl,0,2,2,0,6,0,0,0,6,3,0,0,0,0,3,0,0,0,0,0,0,0,1,2,3,2.5,3,0,3,0,15,6,9,7.5,0,0,0,0,0
/data/serverless-dataset/UnlyEd/airtable-backups-boilerplate/serverless.yml,/data/results/UnlyEd-airtable-backups-boilerplate-361.pl,0,2,1,1,0,0,0,0,0,0,0,0,0,0,0,0,0,0,0,0,0,0,1,0,0,0,0,0,1,0,0,0,0,0,1,0,0,0,0
/data/serverless-dataset/nerdguru/go-sls-crudl/serverless.yml,/data/results/nerdguru-go-sls-crudl-365.pl,0,5,0,5,1,0,0,0,1,1,0,0,0,0,0,0,0,0,0,0,0,0,1,0,0,0,0,0,1,0,35,7,7,7.0,0,0,0,0,0
/data/serverless-dataset/nerdguru/serverlessTodos/serverless.yml,/data/results/nerdguru-serverlessTodos-366.pl,0,5,0,5,1,0,0,0,1,1,0,0,0,0,0,0,0,0,0,0,0,0,1,0,0,0,0,0,1,0,35,7,7,7.0,0,0,0,0,0
/data/serverless-dataset/0x4D31/honeyLambda/serverless.yml,/data/results/0x4D31-honeyLambda-367.pl,0,1,0,1,0,0,0,0,0,0,0,0,0,0,0,0,0,0,0,0,0,0,1,0,0,0,1,0,0,2,0,0,0,0,0,0,0,0,0
/data/serverless-dataset/breath103/serverless-websocket-example/serverless.yml,/data/results/breath103-serverless-websocket-example-374.pl,0,2,0,2,1,0,0,0,1,1,0,0,0,0,0,0,0,0,0,0,0,0,2,0,0,0,1,0,0,1,24,12,12,12.0,0,0,0,0,0
/data/serverless-dataset/llSourcell/Build-a-Cybersecurity-Startup/event-collection/serverless.yml,/data/results/llSourcell-Build-a-Cybersecurity-Startup-375.pl,0,1,0,1,0,0,0,0,0,0,0,0,0,0,0,0,0,0,0,0,0,0,1,0,0,0,1,0,0,0,0,0,0,0,0,0,0,0,0
/data/serverless-dataset/efi-mk/serverless-django-demo/serverless.yml,/data/results/efi-mk-serverless-django-demo-377.pl,0,1,0,1,0,0,0,0,0,0,0,0,0,0,0,0,0,0,0,0,0,0,1,0,0,0,0,0,1,0,0,0,0,0,0,0,0,0,0
/data/serverless-dataset/aws-samples/designing-cloud-native-microservices-on-aws/sources/coffeeshop/orders-web/serverless.yml,/data/results/aws-samples-designing-cloud-native-microservices-on-aws-379.pl,0,1,0,1,0,0,0,0,0,0,0,0,0,0,0,0,0,0,0,0,0,0,1,0,0,0,0,0,1,2,0,0,0,0,0,0,0,0,0
/data/serverless-dataset/Financial-Times/ig-images-backend/serverless.yml,/data/results/Financial-Times-ig-images-backend-383.pl,2,2,0,2,0,0,0,0,0,0,0,0,0,0,0,0,0,0,0,0,0,0,0,0,0,0,0,0,0,0,0,0,0,0,0,0,0,0,0
/data/serverless-dataset/rokumatsumoto/aws-node-s3-zipper/serverless.yml,/data/results/rokumatsumoto-aws-node-s3-zipper-384.pl,0,2,0,2,0,0,0,0,0,0,0,0,0,0,0,0,0,0,0,0,0,0,3,0,0,0,1,0,2,0,2,1,1,1.0,0,0,0,0,0
/data/serverless-dataset/rocketseat-content/youtube-serverless-node-aws-lambda/serverless.yml,/data/results/rocketseat-content-youtube-serverless-node-aws-lambda-388.pl,0,1,1,0,0,0,0,0,0,0,0,0,0,0,0,0,0,0,0,0,0,0,1,0,0,0,0,0,1,0,0,0,0,0,4,4,0,0,0
/data/serverless-dataset/ErickWendel/wtf-are-sls-apps-200ok/05.sls-x-ray/serverless.yml,/data/results/ErickWendel-wtf-are-sls-apps-200ok-396.pl,0,3,3,0,2,0,0,0,2,0,0,0,0,0,0,0,2,0,0,0,0,0,4,0,0,0,1,0,1,0,12,4,4,4.0,6,6,0,0,0
/data/serverless-dataset/geovanisouza92/serverless-next/serverless.yml,/data/results/geovanisouza92-serverless-next-407.pl,0,4,1,3,0,0,0,0,0,0,0,0,0,0,0,0,0,0,0,0,0,0,0,1,1,1.0,0,0,1,0,0,0,0,0,0,0,0,0,0
/data/serverless-dataset/anishkny/realworld-dynamodb-lambda/serverless.yml,/data/results/anishkny-realworld-dynamodb-lambda-410.pl,0,21,0,21,3,0,0,0,3,3,0,0,0,0,0,0,0,0,0,0,0,0,1,0,0,0,0,0,1,0,378,18,18,18.0,0,0,0,0,0
/data/serverless-dataset/getsocial-rnd/ecs-drain-lambda/serverless.yml,/data/results/getsocial-rnd-ecs-drain-lambda-411.pl,0,1,1,0,0,0,0,0,0,0,0,0,0,0,0,0,0,0,0,0,0,0,1,0,0,0,1,0,0,0,0,0,0,0,1,0,0,0,0
/data/serverless-dataset/ivanderbu2/serverless-newsletter-signup/serverless.yml,/data/results/ivanderbu2-serverless-newsletter-signup-414.pl,0,1,0,1,1,0,0,0,1,1,0,0,0,0,0,0,0,0,0,0,0,0,1,0,0,0,0,0,1,0,5,5,5,5.0,0,0,0,0,0
/data/serverless-dataset/seratch/slack-app-examples/reacjilator-java-sdk/serverless.yml,/data/results/seratch-slack-app-examples-416.pl,0,3,1,2,0,0,0,0,0,0,0,0,0,0,0,0,0,0,0,0,0,0,1,0,0,0,1,0,0,0,12,4,4,4.0,1,0,0,0,0
/data/serverless-dataset/seratch/slack-weather-radar-map/serverless-aws/serverless.yml,/data/results/seratch-slack-weather-radar-map-417.pl,0,2,1,1,0,0,0,0,0,0,0,0,0,0,0,0,0,0,0,0,0,0,1,0,0,0,1,0,0,0,4,2,2,2.0,0,0,0,0,0
/data/serverless-dataset/CodemoreLA/serverless-node-course/3_s3_notifications/2_template_pseudo_code/serverless.yml,/data/results/CodemoreLA-serverless-node-course-425.pl,0,1,1,0,0,0,0,0,0,0,0,0,0,0,0,0,0,0,0,0,0,0,1,0,0,0,1,0,0,1,0,0,0,0,4,4,0,0,0
/data/serverless-dataset/CodemoreLA/serverless-node-course/3_s3_notifications/8_send_email/serverless.yml,/data/results/CodemoreLA-serverless-node-course-426.pl,0,1,1,0,0,0,0,0,0,0,0,0,0,0,0,0,0,0,0,0,0,0,1,0,0,0,1,0,0,1,0,0,0,0,4,4,0,0,0
/data/serverless-dataset/CodemoreLA/serverless-node-course/3_s3_notifications/9_complete_the_handler/serverless.yml,/data/results/CodemoreLA-serverless-node-course-427.pl,0,1,1,0,0,0,0,0,0,0,0,0,0,0,0,0,0,0,0,0,0,0,1,0,0,0,1,0,0,1,0,0,0,0,4,4,0,0,0
/data/serverless-dataset/CodemoreLA/serverless-node-course/3_s3_notifications/6_config_file/serverless.yml,/data/results/CodemoreLA-serverless-node-course-428.pl,0,1,1,0,0,0,0,0,0,0,0,0,0,0,0,0,0,0,0,0,0,0,1,0,0,0,1,0,0,1,0,0,0,0,4,4,0,0,0
/data/serverless-dataset/CodemoreLA/serverless-node-course/3_s3_notifications/7_generating_email_content/serverless.yml,/data/results/CodemoreLA-serverless-node-course-429.pl,0,1,1,0,0,0,0,0,0,0,0,0,0,0,0,0,0,0,0,0,0,0,1,0,0,0,1,0,0,1,0,0,0,0,4,4,0,0,0
/data/serverless-dataset/CodemoreLA/serverless-node-course/3_s3_notifications/3_extracting_event_data/serverless.yml,/data/results/CodemoreLA-serverless-node-course-430.pl,0,1,1,0,0,0,0,0,0,0,0,0,0,0,0,0,0,0,0,0,0,0,1,0,0,0,1,0,0,1,0,0,0,0,4,4,0,0,0
/data/serverless-dataset/CodemoreLA/serverless-node-course/3_s3_notifications/4_event_filters/serverless.yml,/data/results/CodemoreLA-serverless-node-course-431.pl,0,1,1,0,0,0,0,0,0,0,0,0,0,0,0,0,0,0,0,0,0,0,1,0,0,0,1,0,0,1,0,0,0,0,4,4,0,0,0
/data/serverless-dataset/adnanrahic/serverless-docker-image-resize/functions/serverless.yml,/data/results/adnanrahic-serverless-docker-image-resize-434.pl,0,1,0,1,1,0,0,0,1,0,0,0,0,0,1,0,0,0,0,0,0,0,3,0,0,0,1,0,0,0,2,2,2,2.0,0,0,0,0,0
/data/serverless-dataset/gridaco/base/resources-service/serverless.yml,/data/results/gridaco-base-437.pl,0,1,0,1,0,0,0,0,0,0,0,0,0,0,0,0,0,0,0,0,0,0,1,0,0,0,0,0,1,0,0,0,0,0,0,0,0,0,0
/data/serverless-dataset/gridaco/base/hosting-service/serverless.yml,/data/results/gridaco-base-438.pl,0,1,0,1,0,0,0,0,0,0,0,0,0,0,0,0,0,0,0,0,0,0,1,0,0,0,0,0,1,0,0,0,0,0,0,0,0,0,0
/data/serverless-dataset/squareboat/serverless-media-worker/serverless.yml,/data/results/squareboat-serverless-media-worker-448.pl,0,1,1,0,0,0,0,0,0,0,0,0,0,0,0,0,0,0,0,0,0,0,3,0,0,0,1,0,1,2,0,0,0,0,1,1,0,0,0
/data/serverless-dataset/contentful/apps/apps/ai-image-tagging/lambda/serverless.yml,/data/results/contentful-apps-449.pl,0,1,0,1,0,0,0,0,0,0,0,0,0,0,0,0,0,0,0,0,0,0,2,0,0,0,1,0,0,0,4,4,4,4.0,0,0,0,0,0
/data/serverless-dataset/marksteele/edge-rewrite/serverless.yml,/data/results/marksteele-edge-rewrite-453.pl,1,1,1,0,0,0,0,0,0,0,0,0,0,0,0,0,0,0,0,0,0,0,0,0,0,0,0,0,0,0,3,3,3,3.0,0,0,0,0,0
/data/serverless-dataset/tholcman/deeplens-challenge/count-exercise/serverless.yml,/data/results/tholcman-deeplens-challenge-454.pl,1,1,1,0,0,0,0,0,0,0,0,0,0,0,0,0,0,0,0,0,0,0,0,0,0,0,0,0,0,0,0,0,0,0,0,0,0,0,0
/data/serverless-dataset/hardyscc/aws-nestjs-starter/serverless.yml,/data/results/hardyscc-aws-nestjs-starter-463.pl,0,1,0,1,1,0,0,0,1,1,0,0,0,0,0,0,0,0,0,0,0,0,1,0,0,0,0,0,1,0,7,7,7,7.0,0,0,0,0,0
/data/serverless-dataset/rowanwins/geotiff-server/serverless.yaml,/data/results/rowanwins-geotiff-server-464.pl,0,1,0,1,0,0,0,0,0,0,0,0,0,0,0,0,0,0,0,0,0,0,1,0,0,0,0,0,1,0,0,0,0,0,0,0,0,0,0
/data/serverless-dataset/rowanwins/geotiff-server/landsat-serverless.yaml,/data/results/rowanwins-geotiff-server-465.pl,0,1,0,1,0,0,0,0,0,0,0,0,0,0,0,0,0,0,0,0,0,0,1,0,0,0,0,0,1,0,0,0,0,0,0,0,0,0,0
/data/serverless-dataset/yunspace/serverless-golang/examples/aws-golang-kinesis/serverless.yml,/data/results/yunspace-serverless-golang-466.pl,0,2,2,0,0,0,0,0,0,0,0,0,0,0,0,0,0,0,0,0,0,0,1,0,0,0,0,0,0,0,0,0,0,0,1,0,0,1,0
/data/serverless-dataset/alitelabs/tyx/samples/sample7-errors/serverless.yml,/data/results/alitelabs-tyx-468.pl,0,3,2,1,0,0,0,0,0,0,0,0,0,0,0,0,0,0,0,0,0,0,1,0,0,0,0,0,1,0,0,0,0,0,0,0,0,0,0
/data/serverless-dataset/alitelabs/tyx/samples/sample4-remote/serverless.yml,/data/results/alitelabs-tyx-469.pl,0,1,0,1,0,0,0,0,0,0,0,0,0,0,0,0,0,0,0,0,0,0,1,0,0,0,0,0,1,0,0,0,0,0,0,0,0,0,0
/data/serverless-dataset/alitelabs/tyx/samples/sample10-todos/serverless.yml,/data/results/alitelabs-tyx-470.pl,0,1,0,1,1,0,0,0,1,1,0,0,0,0,0,0,0,0,0,0,0,0,2,0,0,0,0,0,2,0,11,11,11,11.0,0,0,0,0,0
/data/serverless-dataset/alitelabs/tyx/samples/sample3-proxy/serverless.yml,/data/results/alitelabs-tyx-471.pl,0,3,2,1,0,0,0,0,0,0,0,0,0,0,0,0,0,0,0,0,0,0,1,0,0,0,0,0,1,0,0,0,0,0,0,0,0,0,0
/data/serverless-dataset/chunyenHuang/awesome-g0v-projects/serverless.yml,/data/results/chunyenHuang-awesome-g0v-projects-472.pl,0,1,1,0,2,0,2,0,0,0,0,0,0,0,2,0,0,0,0,0,0,0,0,2,2,2.0,0,0,1,2,8,8,8,8.0,1,0,0,0,0
/data/serverless-dataset/philschmid/serverless-bert-with-huggingface-aws-lambda/serverless.yaml,/data/results/philschmid-serverless-bert-with-huggingface-aws-lambda-476.pl,0,1,0,1,0,0,0,0,0,0,0,0,0,0,0,0,0,0,0,0,0,0,1,0,0,0,0,0,0,0,1,1,1,1.0,0,0,0,0,0
/data/serverless-dataset/prisma-archive/serverless-image-proxy/serverless.yml,/data/results/prisma-archive-serverless-image-proxy-481.pl,0,1,0,1,0,0,0,0,0,0,0,0,0,0,0,0,0,0,0,0,0,0,1,0,0,0,0,0,1,0,0,0,0,0,0,0,0,0,0
/data/serverless-dataset/xebia-os/lambda-coding-round-evaluator/candidate-service/serverless.yml,/data/results/xebia-os-lambda-coding-round-evaluator-484.pl,0,3,0,3,2,0,0,0,2,2,0,0,0,0,0,0,0,0,0,0,0,0,1,0,0,0,0,0,0,0,12,4,4,4.0,0,0,0,0,0
/data/serverless-dataset/xebia-os/lambda-coding-round-evaluator/assignment-build-executor-service/serverless.yml,/data/results/xebia-os-lambda-coding-round-evaluator-485.pl,0,1,1,0,1,0,0,0,1,0,0,0,0,0,1,0,0,0,0,0,0,0,2,0,0,0,2,0,0,1,4,4,4,4.0,4,4,0,0,0
/data/serverless-dataset/serverless-guru/templates/sls-img-processing/serviceA/serverless.yml,/data/results/serverless-guru-templates-487.pl,0,1,0,1,0,0,0,0,0,0,0,0,0,0,0,0,0,0,0,0,0,0,1,0,0,0,1,0,0,1,0,0,0,0,0,0,0,0,0
/data/serverless-dataset/serverless-guru/templates/bitbucket-pipeline-strategy/serverless.yml,/data/results/serverless-guru-templates-488.pl,0,2,0,2,1,0,0,0,1,1,0,0,0,0,0,0,0,0,0,0,0,0,1,0,0,0,0,0,0,0,10,5,5,5.0,0,0,0,0,0
/data/serverless-dataset/serverless-guru/templates/sls-decoupling-apigateway-lambda/backendService/serverless.yml,/data/results/serverless-guru-templates-489.pl,0,3,1,2,3,0,0,0,3,1,0,0,0,0,0,0,0,0,0,0,0,2,2,0,0,0,0,0,0,0,15,5,5,5.0,1,0,0,0,1
/data/serverless-dataset/serverless-guru/templates/sls-dynamodb-integration-testing/serverless.yml,/data/results/serverless-guru-templates-490.pl,0,1,0,1,1,0,0,0,1,1,0,0,0,0,0,0,0,0,0,0,0,0,1,0,0,0,0,0,0,0,5,5,5,5.0,0,0,0,0,0
/data/serverless-dataset/serverless-guru/templates/sls-lambda-warmer/serverless.yml,/data/results/serverless-guru-templates-492.pl,0,1,1,0,0,0,0,0,0,0,0,0,0,0,0,0,0,0,0,0,0,0,1,0,0,0,1,0,0,0,0,0,0,0,1,0,0,0,0
/data/serverless-dataset/serverless-guru/templates/sls-gradual-deployments-csharp/serverless.yml,/data/results/serverless-guru-templates-493.pl,0,3,2,1,0,0,0,0,0,0,0,0,0,0,0,0,0,0,0,0,0,0,1,0,0,0,1,0,0,1,0,0,0,0,0,0,0,0,0
/data/serverless-dataset/serverless-guru/templates/sls-test-pyramid/code/serverless.yml,/data/results/serverless-guru-templates-500.pl,0,1,0,1,1,0,0,0,1,1,0,0,0,0,0,0,0,0,0,0,0,0,1,0,0,0,0,0,0,0,5,5,5,5.0,0,0,0,0,0
/data/serverless-dataset/serverless-guru/templates/sls-feature-toggling/serverless.yml,/data/results/serverless-guru-templates-501.pl,0,1,0,1,1,0,0,0,1,0,0,0,0,0,0,0,0,1,0,0,0,0,1,0,0,0,0,0,0,0,1,1,1,1.0,0,0,0,0,0
/data/serverless-dataset/serverless-guru/templates/ses-email-templates/serverless.yml,/data/results/serverless-guru-templates-502.pl,0,1,1,0,0,0,0,0,0,0,0,0,0,0,0,0,0,0,0,0,0,0,1,0,0,0,1,0,0,1,0,0,0,0,0,0,0,0,0
/data/serverless-dataset/serverless-guru/templates/nodejs-callbacksToAsyncAwait/code/04_awsXray/serverless.yml,/data/results/serverless-guru-templates-503.pl,0,1,0,1,1,0,0,0,1,1,0,0,0,0,0,0,0,0,0,0,0,0,2,0,0,0,0,0,0,0,8,8,8,8.0,0,0,0,0,0
/data/serverless-dataset/serverless-guru/templates/sls-jest/defining-a-testing-strategy/code/serverless.yml,/data/results/serverless-guru-templates-505.pl,0,1,0,1,3,0,0,0,3,3,0,0,0,0,0,0,0,0,0,0,0,0,3,0,0,0,0,0,0,0,15,15,15,15.0,0,0,0,0,0
/data/serverless-dataset/serverless-guru/templates/sls-e2e-fullstack/back/serverless.yml,/data/results/serverless-guru-templates-507.pl,0,2,0,2,1,0,0,0,1,1,0,0,0,0,0,0,0,0,0,0,0,0,1,0,0,0,0,0,0,0,12,6,6,6.0,0,0,0,0,0
/data/serverless-dataset/serverless-guru/templates/sls-general/serverless.yml,/data/results/serverless-guru-templates-509.pl,0,1,0,1,1,0,0,0,1,1,0,0,0,0,0,0,0,0,0,0,0,0,1,0,0,0,0,0,0,0,3,3,3,3.0,0,0,0,0,0
/data/serverless-dataset/serverless-guru/templates/sls-antipatterns/01_lambdaCallLambda/serverless.yml,/data/results/serverless-guru-templates-510.pl,0,3,3,0,0,0,0,0,0,0,0,0,0,0,0,0,0,0,0,0,0,0,1,0,0,0,1,0,0,1,12,4,4,4.0,0,0,0,0,0
/data/serverless-dataset/serverless-guru/templates/sls-antipatterns/02_sharedDatabases/service2/serverless.yml,/data/results/serverless-guru-templates-511.pl,0,1,0,1,0,0,0,0,0,0,0,0,0,0,0,0,0,0,0,0,0,0,1,0,0,0,1,0,0,0,0,0,0,0,0,0,0,0,0
/data/serverless-dataset/serverless-guru/templates/sls-antipatterns/02_sharedDatabases/service1WithDatabase/serverless.yml,/data/results/serverless-guru-templates-512.pl,0,1,0,1,1,0,0,0,1,1,0,0,0,0,0,0,0,0,0,0,0,0,1,0,0,0,1,0,0,0,5,5,5,5.0,0,0,0,0,0
/data/serverless-dataset/p1ass/emojic.ch/lambda/serverless.yml,/data/results/p1ass-emojic.ch-513.pl,0,1,0,1,0,0,0,0,0,0,0,0,0,0,0,0,0,0,0,0,0,0,1,0,0,0,1,0,0,0,0,0,0,0,0,0,0,0,0
/data/serverless-dataset/base2Services/aws-lambda-http-check/serverless.yml,/data/results/base2Services-aws-lambda-http-check-526.pl,0,1,1,0,0,0,0,0,0,0,0,0,0,0,0,0,0,0,0,0,0,0,1,0,0,0,1,0,0,0,0,0,0,0,0,0,0,0,0
/data/serverless-dataset/base2Services/aws-lambda-port-check/serverless.yml,/data/results/base2Services-aws-lambda-port-check-528.pl,0,1,1,0,0,0,0,0,0,0,0,0,0,0,0,0,0,0,0,0,0,0,1,0,0,0,1,0,0,0,0,0,0,0,0,0,0,0,0
/data/serverless-dataset/DanteInc/js-cloud-native-cookbook/ch3/event-orchestration/serverless.yml,/data/results/DanteInc-js-cloud-native-cookbook-536.pl,0,1,1,0,0,0,0,0,0,0,0,0,0,0,0,0,0,0,0,0,0,0,1,0,0,0,0,0,0,0,0,0,0,0,1,0,0,1,0
/data/serverless-dataset/DanteInc/js-cloud-native-cookbook/ch3/esg-inbound/serverless.yml,/data/results/DanteInc-js-cloud-native-cookbook-540.pl,0,1,0,1,0,0,0,0,0,0,0,0,0,0,0,0,0,0,0,0,0,0,1,0,0,0,0,0,0,0,0,0,0,0,0,0,0,0,0
/data/serverless-dataset/DanteInc/js-cloud-native-cookbook/ch7/event-metrics/serverless.yml,/data/results/DanteInc-js-cloud-native-cookbook-555.pl,0,2,2,0,0,0,0,0,0,0,0,0,0,0,0,0,0,0,0,0,0,0,1,0,0,0,0,0,0,0,0,0,0,0,1,0,0,1,0
/data/serverless-dataset/DanteInc/js-cloud-native-cookbook/ch2/event-first/serverless.yml,/data/results/DanteInc-js-cloud-native-cookbook-565.pl,0,1,1,0,0,0,0,0,0,0,0,0,0,0,0,0,0,0,0,0,0,0,1,0,0,0,0,0,0,0,0,0,0,0,0,0,0,0,0
/data/serverless-dataset/DanteInc/js-cloud-native-cookbook/ch8/resubmitting-faults/simulator/serverless.yml,/data/results/DanteInc-js-cloud-native-cookbook-571.pl,0,2,2,0,0,0,0,0,0,0,0,0,0,0,0,0,0,0,0,0,0,0,1,0,0,0,0,0,0,0,0,0,0,0,1,0,0,1,0
/data/serverless-dataset/rangle/stripe-eventbridge/serverless.yml,/data/results/rangle-stripe-eventbridge-583.pl,0,1,0,1,0,0,0,0,0,0,0,0,0,0,0,0,0,0,0,0,0,0,3,0,0,0,1,0,0,0,0,0,0,0,0,0,0,0,0
/data/serverless-dataset/shotstack/watermark-demo/api/serverless.yml,/data/results/shotstack-watermark-demo-584.pl,0,3,0,3,0,0,0,0,0,0,0,0,0,0,0,0,0,0,0,0,0,0,1,0,0,0,0,0,1,0,0,0,0,0,0,0,0,0,0
/data/serverless-dataset/data-science-on-aws/workshop/09_deploy/serverless/serverless.yaml,/data/results/data-science-on-aws-workshop-586.pl,0,1,0,1,0,0,0,0,0,0,0,0,0,0,0,0,0,0,0,0,0,0,1,0,0,0,0,0,0,0,1,1,1,1.0,0,0,0,0,0
/data/serverless-dataset/svdgraaf/doorman/serverless.yml,/data/results/svdgraaf-doorman-589.pl,0,4,3,1,0,0,0,0,0,0,0,0,0,0,0,0,0,0,0,0,0,0,2,0,0,0,1,0,1,0,0,0,0,0,8,8,0,0,0
/data/serverless-dataset/Impact-Office-Supplies/serverless-image-optimizer/serverless.yml,/data/results/Impact-Office-Supplies-serverless-image-optimizer-592.pl,0,1,1,0,1,0,0,0,1,0,0,0,0,0,1,0,0,0,0,0,0,0,1,0,0,0,0,0,1,0,4,4,4,4.0,4,4,0,0,0
/data/serverless-dataset/triaxtec/fastapi-serverless-cookiecutter/example/serverless.yml,/data/results/triaxtec-fastapi-serverless-cookiecutter-594.pl,0,1,0,1,0,0,0,0,0,0,0,0,0,0,0,0,0,0,0,0,0,0,3,0,0,0,1,0,0,0,0,0,0,0,0,0,0,0,0
/data/serverless-dataset/steniowagner/serverless-aws-lambda-studies/demo03-image-analysis/image-analysis/serverless.yml,/data/results/steniowagner-serverless-aws-lambda-studies-597.pl,0,1,0,1,0,0,0,0,0,0,0,0,0,0,0,0,0,0,0,0,0,0,2,0,0,0,2,0,0,0,0,0,0,0,0,0,0,0,0
/data/serverless-dataset/dashbird/xlambda/serverless.yml,/data/results/dashbird-xlambda-608.pl,0,4,4,0,0,0,0,0,0,0,0,0,0,0,0,0,0,0,0,0,0,0,2,0,0,0,2,0,0,0,12,3,3,3.0,1,0,0,0,0
/data/serverless-dataset/iopipe/iopipe-go/example/serverless.yml,/data/results/iopipe-iopipe-go-614.pl,0,1,0,1,1,0,0,0,1,0,0,0,0,0,1,0,0,0,0,0,0,0,1,0,0,0,0,0,1,1,4,4,4,4.0,0,0,0,0,0
/data/serverless-dataset/we45/Serverless-Workshop/JWT-JWK/serverless.yml,/data/results/we45-Serverless-Workshop-615.pl,0,3,0,3,1,0,0,0,1,0,0,0,0,0,1,0,0,0,0,0,0,0,1,0,0,0,1,0,0,3,12,4,4,4.0,0,0,0,0,0
/data/serverless-dataset/we45/Serverless-Workshop/Insecure-Deserialization/serverless.yml,/data/results/we45-Serverless-Workshop-616.pl,0,1,0,1,0,0,0,0,0,0,0,0,0,0,0,0,0,0,0,0,0,0,1,0,0,0,1,0,0,3,0,0,0,0,0,0,0,0,0
/data/serverless-dataset/we45/Serverless-Workshop/Algo-Confusion/serverless.yml,/data/results/we45-Serverless-Workshop-617.pl,0,2,0,2,0,0,0,0,0,0,0,0,0,0,0,0,0,0,0,0,0,0,1,0,0,0,1,0,0,1,0,0,0,0,0,0,0,0,0
/data/serverless-dataset/we45/Serverless-Workshop/Basic-Event/serverless.yml,/data/results/we45-Serverless-Workshop-618.pl,0,1,1,0,0,0,0,0,0,0,0,0,0,0,0,0,0,0,0,0,0,0,1,0,0,0,1,0,0,2,0,0,0,0,1,0,0,0,1
/data/serverless-dataset/we45/Serverless-Workshop/Basic-API/serverless.yml,/data/results/we45-Serverless-Workshop-619.pl,0,1,0,1,0,0,0,0,0,0,0,0,0,0,0,0,0,0,0,0,0,0,1,0,0,0,1,0,0,1,0,0,0,0,0,0,0,0,0
/data/serverless-dataset/we45/Serverless-Workshop/XXE/serverless.yml,/data/results/we45-Serverless-Workshop-620.pl,0,1,1,0,0,0,0,0,0,0,0,0,0,0,0,0,0,0,0,0,0,0,1,0,0,0,1,0,0,2,0,0,0,0,4,4,0,0,0
/data/serverless-dataset/we45/Serverless-Workshop/DynamoDB-Injection/serverless.yml,/data/results/we45-Serverless-Workshop-621.pl,0,1,0,1,2,0,0,0,2,2,0,0,0,0,0,0,0,0,0,0,0,0,1,0,0,0,1,0,0,2,22,22,22,22.0,0,0,0,0,0
/data/serverless-dataset/lumigo-io/lumigo-node/example/serverless.yml,/data/results/lumigo-io-lumigo-node-622.pl,0,1,1,0,0,0,0,0,0,0,0,0,0,0,0,0,0,0,0,0,0,0,1,0,0,0,1,0,0,3,0,0,0,0,0,0,0,0,0
/data/serverless-dataset/lumigo-io/python_tracer/src/test/serverless.yml,/data/results/lumigo-io-python_tracer-623.pl,0,1,1,0,5,0,0,0,5,1,0,0,0,1,1,0,1,0,0,0,0,1,1,0,0,0,1,0,0,1,12,12,12,12.0,0,0,0,0,0
/data/serverless-dataset/peoplefund-tech/codepipeline-slack-integration/serverless.yml,/data/results/peoplefund-tech-codepipeline-slack-integration-628.pl,0,2,2,0,0,0,0,0,0,0,0,0,0,0,0,0,0,0,0,0,0,0,2,0,0,0,2,0,0,3,0,0,0,0,2,0,0,0,0
/data/serverless-dataset/SaaSyEth/eth-owl/swoops/serverless.yml,/data/results/SaaSyEth-eth-owl-632.pl,0,1,0,1,0,0,0,0,0,0,0,0,0,0,0,0,0,0,0,0,0,0,1,0,0,0,0,0,0,0,0,0,0,0,0,0,0,0,0
/data/serverless-dataset/alexdebrie/aws-api-performance-bakeoff/lambda-api/serverless.yml,/data/results/alexdebrie-aws-api-performance-bakeoff-643.pl,0,1,0,1,0,0,0,0,0,0,0,0,0,0,0,0,0,0,0,0,0,0,1,0,0,0,0,0,0,0,0,0,0,0,0,0,0,0,0
/data/serverless-dataset/tscanlin/serverless-s3-crud/serverless.yml,/data/results/tscanlin-serverless-s3-crud-648.pl,0,6,0,6,1,1,0,0,0,0,0,0,0,0,1,0,0,0,0,0,0,0,2,0,0,0,0,0,1,0,24,4,4,4.0,0,0,0,0,0
/data/serverless-dataset/johncmckim/serverless-emoticon-faceswap/serverless.yml,/data/results/johncmckim-serverless-emoticon-faceswap-650.pl,0,1,1,0,0,0,0,0,0,0,0,0,0,0,0,0,0,0,0,0,0,0,2,0,0,0,1,0,1,0,0,0,0,0,4,4,0,0,0
/data/serverless-dataset/otofu-square/serverless-golang-todoapp/serverless.yml,/data/results/otofu-square-serverless-golang-todoapp-652.pl,0,7,0,7,1,0,0,0,1,1,0,0,0,0,0,0,0,0,0,0,0,0,1,0,0,0,0,0,0,0,49,7,7,7.0,0,0,0,0,0
/data/serverless-dataset/getredash/snap/snap-reference/serverless.yml,/data/results/getredash-snap-654.pl,0,2,0,2,0,0,0,0,0,0,0,0,0,0,0,0,0,0,0,0,0,0,1,0,0,0,0,0,1,0,0,0,0,0,0,0,0,0,0
/data/serverless-dataset/RafalWilinski/serverless-pagespeed-monitoring/serverless.yml,/data/results/RafalWilinski-serverless-pagespeed-monitoring-657.pl,0,1,1,0,0,0,0,0,0,0,0,0,0,0,0,0,0,0,0,0,0,0,1,0,0,0,1,0,0,0,0,0,0,0,1,0,0,0,0
/data/serverless-dataset/RafalWilinski/serverless-medium-text-to-speech/serverless.yml,/data/results/RafalWilinski-serverless-medium-text-to-speech-660.pl,0,1,0,1,1,0,1,0,0,0,0,0,0,0,1,0,0,0,0,0,0,0,2,0,0,0,2,0,0,1,4,4,4,4.0,0,0,0,0,0
/data/serverless-dataset/alecrubin/pytorch-serverless/serverless.yml,/data/results/alecrubin-pytorch-serverless-662.pl,0,1,0,1,0,0,0,0,0,0,0,0,0,0,0,0,0,0,0,0,0,0,2,0,0,0,0,0,1,0,1,1,1,1.0,1,0,0,0,0
/data/serverless-dataset/kylebarron/dem-tiler/serverless.yml,/data/results/kylebarron-dem-tiler-663.pl,0,1,0,1,0,0,0,0,0,0,0,0,0,0,0,0,0,0,0,0,0,0,1,0,0,0,0,0,1,0,0,0,0,0,0,0,0,0,0
/data/serverless-dataset/kylebarron/dem-tiler/serverless.kyle.yml,/data/results/kylebarron-dem-tiler-664.pl,0,1,0,1,0,0,0,0,0,0,0,0,0,0,0,0,0,0,0,0,0,0,1,0,0,0,0,0,1,0,0,0,0,0,0,0,0,0,0
/data/serverless-dataset/kylebarron/naip-cogeo-mosaic/serverless.yml,/data/results/kylebarron-naip-cogeo-mosaic-665.pl,0,1,0,1,0,0,0,0,0,0,0,0,0,0,0,0,0,0,0,0,0,0,3,0,0,0,0,0,2,0,3,3,3,3.0,0,0,0,0,0
/data/serverless-dataset/kylebarron/naip-cogeo-mosaic/serverless.kyle.yml,/data/results/kylebarron-naip-cogeo-mosaic-666.pl,0,1,0,1,0,0,0,0,0,0,0,0,0,0,0,0,0,0,0,0,0,0,3,0,0,0,0,0,2,0,3,3,3,3.0,0,0,0,0,0
/data/serverless-dataset/CloudySnake/flask-cognito-integration/serverless.yml,/data/results/CloudySnake-flask-cognito-integration-669.pl,1,1,0,1,0,0,0,0,0,0,0,0,0,0,0,0,0,0,0,0,0,0,0,0,0,0,0,0,0,0,0,0,0,0,0,0,0,0,0
/data/serverless-dataset/yoskeoka/gognito/serverless/serverless.yml,/data/results/yoskeoka-gognito-672.pl,0,1,1,0,0,0,0,0,0,0,0,0,0,0,0,0,0,0,0,0,0,0,1,0,0,0,0,0,0,0,4,4,4,4.0,0,0,0,0,0
/data/serverless-dataset/humank/ddd-practitioners-ref/sources/coffeeshop/orders-web/serverless.yml,/data/results/humank-ddd-practitioners-ref-673.pl,0,1,0,1,0,0,0,0,0,0,0,0,0,0,0,0,0,0,0,0,0,0,1,0,0,0,0,0,1,2,0,0,0,0,0,0,0,0,0
/data/serverless-dataset/eahefnawy/serverless-thumbnails/serverless.yml,/data/results/eahefnawy-serverless-thumbnails-674.pl,0,1,0,1,1,0,0,0,1,0,0,0,0,0,1,0,0,0,0,0,0,0,1,0,0,0,1,0,0,0,2,2,2,2.0,0,0,0,0,0
/data/serverless-dataset/lgoodridge/serverless-chat/backend/serverless.yml,/data/results/lgoodridge-serverless-chat-675.pl,0,5,0,5,0,0,0,0,0,0,0,0,0,0,0,0,0,0,0,0,0,0,2,0,0,0,0,0,1,0,5,1,1,1.0,0,0,0,0,0
/data/serverless-dataset/chief-wizard/serverless-python-image-resizing/serverless.yml,/data/results/chief-wizard-serverless-python-image-resizing-676.pl,0,1,0,1,1,0,0,0,1,0,0,0,0,0,1,0,0,0,0,0,0,0,1,0,0,0,1,0,0,1,4,4,4,4.0,0,0,0,0,0
/data/serverless-dataset/jahangirmohammed/serverless-crud-scala/serverless.yml,/data/results/jahangirmohammed-serverless-crud-scala-686.pl,0,5,0,5,1,0,0,0,1,1,0,0,0,0,0,0,0,0,0,0,0,0,1,0,0,0,0,0,1,0,35,7,7,7.0,0,0,0,0,0
/data/serverless-dataset/PacktPublishing/JavaScript-Cloud-Native-Development-Cookbook/Chapter07/event-metrics/serverless.yml,/data/results/PacktPublishing-JavaScript-Cloud-Native-Development-Cookbook-703.pl,0,2,2,0,0,0,0,0,0,0,0,0,0,0,0,0,0,0,0,0,0,0,1,0,0,0,0,0,0,0,0,0,0,0,1,0,0,1,0
/data/serverless-dataset/PacktPublishing/JavaScript-Cloud-Native-Development-Cookbook/Chapter03/event-orchestration/serverless.yml,/data/results/PacktPublishing-JavaScript-Cloud-Native-Development-Cookbook-716.pl,0,1,1,0,0,0,0,0,0,0,0,0,0,0,0,0,0,0,0,0,0,0,1,0,0,0,0,0,0,0,0,0,0,0,1,0,0,1,0
/data/serverless-dataset/PacktPublishing/JavaScript-Cloud-Native-Development-Cookbook/Chapter03/esg-inbound/serverless.yml,/data/results/PacktPublishing-JavaScript-Cloud-Native-Development-Cookbook-719.pl,0,1,0,1,0,0,0,0,0,0,0,0,0,0,0,0,0,0,0,0,0,0,1,0,0,0,0,0,0,0,0,0,0,0,0,0,0,0,0
/data/serverless-dataset/PacktPublishing/JavaScript-Cloud-Native-Development-Cookbook/Chapter08/resubmitting-faults/simulator/serverless.yml,/data/results/PacktPublishing-JavaScript-Cloud-Native-Development-Cookbook-725.pl,0,2,2,0,0,0,0,0,0,0,0,0,0,0,0,0,0,0,0,0,0,0,1,0,0,0,0,0,0,0,0,0,0,0,1,0,0,1,0
/data/serverless-dataset/PacktPublishing/JavaScript-Cloud-Native-Development-Cookbook/Chapter02/event-first/serverless.yml,/data/results/PacktPublishing-JavaScript-Cloud-Native-Development-Cookbook-735.pl,0,1,1,0,0,0,0,0,0,0,0,0,0,0,0,0,0,0,0,0,0,0,1,0,0,0,0,0,0,0,0,0,0,0,0,0,0,0,0
/data/serverless-dataset/PacktPublishing/Serverless-Deep-Learning-with-TensorFlow-and-AWS-Lambda/lesson5.4/serverless.yml,/data/results/PacktPublishing-Serverless-Deep-Learning-with-TensorFlow-and-AWS-Lambda-738.pl,0,1,0,1,1,0,0,0,1,0,0,0,0,0,1,0,0,0,0,0,0,0,2,0,0,0,0,0,1,0,2,2,2,2.0,0,0,0,0,0
/data/serverless-dataset/PacktPublishing/Serverless-Deep-Learning-with-TensorFlow-and-AWS-Lambda/lesson4.4/serverless.yml,/data/results/PacktPublishing-Serverless-Deep-Learning-with-TensorFlow-and-AWS-Lambda-740.pl,0,1,1,0,1,0,0,0,1,0,0,0,0,0,1,0,0,0,0,0,0,0,2,0,0,0,0,0,1,0,2,2,2,2.0,0,0,0,0,0
/data/serverless-dataset/PacktPublishing/Serverless-Deep-Learning-with-TensorFlow-and-AWS-Lambda/lesson7.4/serverless.yml,/data/results/PacktPublishing-Serverless-Deep-Learning-with-TensorFlow-and-AWS-Lambda-742.pl,0,3,3,0,1,0,0,0,1,0,0,0,0,0,1,0,0,0,0,0,0,0,2,0,0,0,0,0,1,0,6,2,2,2.0,0,0,0,0,0
/data/serverless-dataset/PacktPublishing/AWS-Lambda-Quick-Start-Guide/Chapter05/python/serverless.yml,/data/results/PacktPublishing-AWS-Lambda-Quick-Start-Guide-743.pl,0,4,0,4,1,0,0,0,1,1,0,0,0,0,0,0,0,0,0,0,0,0,1,0,0,0,0,0,0,0,20,5,5,5.0,0,0,0,0,0
/data/serverless-dataset/PacktPublishing/AWS-Lambda-Quick-Start-Guide/Chapter05/python/pyblog-app/serverless.yml,/data/results/PacktPublishing-AWS-Lambda-Quick-Start-Guide-744.pl,0,4,0,4,1,0,0,0,1,1,0,0,0,0,0,0,0,0,0,0,0,0,1,0,0,0,0,0,0,0,20,5,5,5.0,0,0,0,0,0
/data/serverless-dataset/PacktPublishing/AWS-Lambda-Quick-Start-Guide/Chapter03/javascript/serverless.yml,/data/results/PacktPublishing-AWS-Lambda-Quick-Start-Guide-745.pl,0,6,0,6,1,0,0,0,1,1,0,0,0,0,0,0,0,0,0,0,0,0,1,0,0,0,0,0,0,0,36,6,6,6.0,0,0,0,0,0
/data/serverless-dataset/PacktPublishing/AWS-Lambda-Quick-Start-Guide/Chapter03/javascript/blog-app/serverless.yml,/data/results/PacktPublishing-AWS-Lambda-Quick-Start-Guide-746.pl,0,4,0,4,1,0,0,0,1,1,0,0,0,0,0,0,0,0,0,0,0,0,1,0,0,0,0,0,0,0,24,6,6,6.0,0,0,0,0,0
/data/serverless-dataset/PacktPublishing/AWS-Lambda-Quick-Start-Guide/Chapter02/javascript/serverless.yml,/data/results/PacktPublishing-AWS-Lambda-Quick-Start-Guide-747.pl,0,6,0,6,1,0,0,0,1,1,0,0,0,0,0,0,0,0,0,0,0,0,1,0,0,0,0,0,0,0,36,6,6,6.0,0,0,0,0,0
/data/serverless-dataset/PacktPublishing/AWS-Lambda-Quick-Start-Guide/Chapter02/javascript/blog-app/serverless.yml,/data/results/PacktPublishing-AWS-Lambda-Quick-Start-Guide-748.pl,0,4,0,4,1,0,0,0,1,1,0,0,0,0,0,0,0,0,0,0,0,0,1,0,0,0,0,0,0,0,24,6,6,6.0,0,0,0,0,0
/data/serverless-dataset/PacktPublishing/Building-Serverless-Web-Applications/Chapter10/Deployment/serverless.yml,/data/results/PacktPublishing-Building-Serverless-Web-Applications-766.pl,0,1,1,0,0,0,0,0,0,0,0,0,0,0,0,0,0,0,0,0,0,0,1,0,0,0,1,0,0,0,0,0,0,0,0,0,0,0,0
/data/serverless-dataset/PacktPublishing/Building-Serverless-Web-Applications/Chapter03/test-role-statements/serverless.yml,/data/results/PacktPublishing-Building-Serverless-Web-Applications-769.pl,0,1,1,0,0,0,0,0,0,0,0,0,0,0,0,0,0,0,0,0,0,0,1,0,0,0,0,0,1,0,0,0,0,0,0,0,0,0,0
/data/serverless-dataset/PacktPublishing/Building-Serverless-Web-Applications/Chapter03/lambda-events/serverless.yml,/data/results/PacktPublishing-Building-Serverless-Web-Applications-770.pl,0,2,2,0,1,0,0,0,1,0,0,0,0,0,0,0,0,0,0,0,0,1,2,0,0,0,0,0,1,0,2,1,1,1.0,5,4,0,0,0
/data/serverless-dataset/PacktPublishing/Mastering-AWS-Lambda/Chapter08/serverless-helloWorld/serverlessTemplate.yaml,/data/results/PacktPublishing-Mastering-AWS-Lambda-781.pl,0,1,1,0,0,0,0,0,0,0,0,0,0,0,0,0,0,0,0,0,0,0,1,0,0,0,1,0,0,0,0,0,0,0,1,0,0,0,0
/data/serverless-dataset/PacktPublishing/Mastering-AWS-Lambda/Chapter08/serverless-API-Dynamodb/serverlessTemplate.yaml,/data/results/PacktPublishing-Mastering-AWS-Lambda-782.pl,0,1,0,1,1,0,0,0,1,1,0,0,0,0,0,0,0,0,0,0,0,0,1,0,0,0,1,0,0,0,1,1,1,1.0,0,0,0,0,0
/data/serverless-dataset/PacktPublishing/Hands-On-Serverless-Deep-Learning-with-TensorFlow-and-AWS-Lambda/Chapter04/lesson4.4/serverless.yml,/data/results/PacktPublishing-Hands-On-Serverless-Deep-Learning-with-TensorFlow-and-AWS-Lambda-784.pl,0,1,1,0,1,0,0,0,1,0,0,0,0,0,1,0,0,0,0,0,0,0,2,0,0,0,0,0,1,0,2,2,2,2.0,0,0,0,0,0
/data/serverless-dataset/PacktPublishing/Hands-On-Serverless-Deep-Learning-with-TensorFlow-and-AWS-Lambda/Chapter07/lesson7.4/serverless.yml,/data/results/PacktPublishing-Hands-On-Serverless-Deep-Learning-with-TensorFlow-and-AWS-Lambda-787.pl,0,3,3,0,1,0,0,0,1,0,0,0,0,0,1,0,0,0,0,0,0,0,2,0,0,0,0,0,1,0,6,2,2,2.0,0,0,0,0,0
/data/serverless-dataset/PacktPublishing/Hands-On-Serverless-Deep-Learning-with-TensorFlow-and-AWS-Lambda/Chapter05/lesson5.4/serverless.yml,/data/results/PacktPublishing-Hands-On-Serverless-Deep-Learning-with-TensorFlow-and-AWS-Lambda-788.pl,0,1,0,1,1,0,0,0,1,0,0,0,0,0,1,0,0,0,0,0,0,0,2,0,0,0,0,0,1,0,2,2,2,2.0,0,0,0,0,0
/data/serverless-dataset/JuliaRegistries/TagBot/serverless.yml,/data/results/JuliaRegistries-TagBot-791.pl,0,2,1,1,0,0,0,0,0,0,0,0,0,0,0,0,0,0,0,0,0,0,1,0,0,0,0,0,0,0,2,1,1,1.0,0,0,0,0,0
/data/serverless-dataset/concurrencylabs/aws-pricing-tools/serverless.yml,/data/results/concurrencylabs-aws-pricing-tools-792.pl,0,1,1,0,0,0,0,0,0,0,0,0,0,0,0,0,0,0,0,0,0,0,1,0,0,0,1,0,0,10,0,0,0,0,1,0,0,0,0
/data/serverless-dataset/velopert/velog/velog-backend/serverless.yml,/data/results/velopert-velog-794.pl,0,2,1,1,0,0,0,0,0,0,0,0,0,0,0,0,0,0,0,0,0,0,1,0,0,0,1,0,0,0,0,0,0,0,1,0,0,0,0
/data/serverless-dataset/RemotePixel/remotepixel-tiler/services/cogeo/serverless.yml,/data/results/RemotePixel-remotepixel-tiler-797.pl,0,1,0,1,0,0,0,0,0,0,0,0,0,0,0,0,0,0,0,0,0,0,1,0,0,0,0,0,0,0,1,1,1,1.0,0,0,0,0,0
/data/serverless-dataset/RemotePixel/remotepixel-tiler/services/landsat/serverless.yml,/data/results/RemotePixel-remotepixel-tiler-798.pl,0,1,0,1,0,0,0,0,0,0,0,0,0,0,0,0,0,0,0,0,0,0,1,0,0,0,0,0,0,0,1,1,1,1.0,0,0,0,0,0
/data/serverless-dataset/RemotePixel/remotepixel-tiler/services/sentinel/serverless.yml,/data/results/RemotePixel-remotepixel-tiler-799.pl,0,1,0,1,0,0,0,0,0,0,0,0,0,0,0,0,0,0,0,0,0,0,1,0,0,0,0,0,0,0,4,4,4,4.0,0,0,0,0,0
/data/serverless-dataset/RemotePixel/remotepixel-tiler/services/cbers/serverless.yml,/data/results/RemotePixel-remotepixel-tiler-800.pl,0,1,0,1,0,0,0,0,0,0,0,0,0,0,0,0,0,0,0,0,0,0,1,0,0,0,0,0,0,0,4,4,4,4.0,0,0,0,0,0
/data/serverless-dataset/RemotePixel/aws-sat-api/serverless.yml,/data/results/RemotePixel-aws-sat-api-801.pl,0,3,0,3,0,0,0,0,0,0,0,0,0,0,0,0,0,0,0,0,0,0,1,0,0,0,0,0,0,0,18,6,6,6.0,0,0,0,0,0
/data/serverless-dataset/tryolabs/aws-workshop/infrastructure/aws/lambda/serverless.yml,/data/results/tryolabs-aws-workshop-802.pl,0,1,0,1,0,0,0,0,0,0,0,0,0,0,0,0,0,0,0,0,0,0,2,0,0,0,2,0,0,0,0,0,0,0,0,0,0,0,0
/data/serverless-dataset/InternetOfHealthcare/serverless-workshop/w03-translate-api/serverless.yml,/data/results/InternetOfHealthcare-serverless-workshop-806.pl,0,1,0,1,0,0,0,0,0,0,0,0,0,0,0,0,0,0,0,0,0,0,1,0,0,0,1,0,0,1,0,0,0,0,0,0,0,0,0
/data/serverless-dataset/InternetOfHealthcare/serverless-workshop/w10-your-function/serverless.yml,/data/results/InternetOfHealthcare-serverless-workshop-807.pl,0,1,1,0,0,0,0,0,0,0,0,0,0,0,0,0,0,0,0,0,0,0,3,0,0,0,3,0,0,3,0,0,0,0,1,0,0,0,0
/data/serverless-dataset/InternetOfHealthcare/serverless-workshop/w08-rekognition/serverless.yml,/data/results/InternetOfHealthcare-serverless-workshop-808.pl,0,1,1,0,0,0,0,0,0,0,0,0,0,0,0,0,0,0,0,0,0,0,2,0,0,0,2,0,0,2,0,0,0,0,0,0,0,0,0
/data/serverless-dataset/InternetOfHealthcare/serverless-workshop/w04-dynamodb/serverless.yml,/data/results/InternetOfHealthcare-serverless-workshop-809.pl,0,1,1,0,0,0,0,0,0,0,0,0,0,0,0,0,0,0,0,0,0,0,1,0,0,0,1,0,0,1,0,0,0,0,0,0,0,0,0
/data/serverless-dataset/InternetOfHealthcare/serverless-workshop/w09-reko-iot/serverless.yml,/data/results/InternetOfHealthcare-serverless-workshop-810.pl,0,1,1,0,0,0,0,0,0,0,0,0,0,0,0,0,0,0,0,0,0,0,3,0,0,0,3,0,0,3,0,0,0,0,6,6,0,0,0
/data/serverless-dataset/InternetOfHealthcare/serverless-workshop/w05-dynamodb-api/serverless.yml,/data/results/InternetOfHealthcare-serverless-workshop-811.pl,0,2,0,2,0,0,0,0,0,0,0,0,0,0,0,0,0,0,0,0,0,0,1,0,0,0,1,0,0,1,0,0,0,0,0,0,0,0,0
/data/serverless-dataset/InternetOfHealthcare/serverless-workshop/w06-S3CSVtoDynamo/serverless.yml,/data/results/InternetOfHealthcare-serverless-workshop-812.pl,0,1,1,0,0,0,0,0,0,0,0,0,0,0,0,0,0,0,0,0,0,0,2,0,0,0,2,0,0,2,0,0,0,0,0,0,0,0,0
/data/serverless-dataset/InternetOfHealthcare/serverless-workshop/w07-alexa-skill/serverless.yml,/data/results/InternetOfHealthcare-serverless-workshop-813.pl,0,1,1,0,0,0,0,0,0,0,0,0,0,0,0,0,0,0,0,0,0,0,1,0,0,0,1,0,0,1,0,0,0,0,1,0,0,0,0
/data/serverless-dataset/InternetOfHealthcare/serverless-workshop/w02-translate/serverless.yml,/data/results/InternetOfHealthcare-serverless-workshop-814.pl,0,1,1,0,0,0,0,0,0,0,0,0,0,0,0,0,0,0,0,0,0,0,1,0,0,0,1,0,0,1,0,0,0,0,0,0,0,0,0
/data/serverless-dataset/t04glovern/dog-bark-detection/processor/serverless.yml,/data/results/t04glovern-dog-bark-detection-816.pl,0,1,1,0,2,0,0,0,2,1,0,0,0,0,0,0,1,0,0,0,0,0,2,0,0,0,1,0,1,0,2,2,2,2.0,4,4,0,0,0
/data/serverless-dataset/jethrocarr/lambda-ping/serverless.yml,/data/results/jethrocarr-lambda-ping-822.pl,0,1,1,0,0,0,0,0,0,0,0,0,0,0,0,0,0,0,0,0,0,0,1,0,0,0,1,0,0,0,0,0,0,0,0,0,0,0,0
/data/serverless-dataset/ACloudGuru-Resources/Course_Go_Serverless_with_a_Graph_Database/Chapter5/api/serverless.yml,/data/results/ACloudGuru-Resources-Course_Go_Serverless_with_a_Graph_Database-841.pl,0,2,0,2,0,0,0,0,0,0,0,0,0,0,0,0,0,0,0,0,0,0,2,0,0,0,1,0,1,1,0,0,0,0,0,0,0,0,0
/data/serverless-dataset/ACloudGuru-Resources/Course_Go_Serverless_with_a_Graph_Database/Chapter4/api/serverless.yml,/data/results/ACloudGuru-Resources-Course_Go_Serverless_with_a_Graph_Database-843.pl,0,2,0,2,0,0,0,0,0,0,0,0,0,0,0,0,0,0,0,0,0,0,2,0,0,0,1,0,1,1,0,0,0,0,0,0,0,0,0
/data/serverless-dataset/ACloudGuru-Resources/Course_Go_Serverless_with_a_Graph_Database/Chapter3/api/serverless.yml,/data/results/ACloudGuru-Resources-Course_Go_Serverless_with_a_Graph_Database-844.pl,0,1,0,1,0,0,0,0,0,0,0,0,0,0,0,0,0,0,0,0,0,0,2,0,0,0,1,0,1,1,0,0,0,0,0,0,0,0,0
/data/serverless-dataset/ACloudGuru-Resources/Course-The_Complete_Serverless_Course/projects/3 - ETL and Data Analysis/serverless.yml,/data/results/ACloudGuru-Resources-Course-The_Complete_Serverless_Course-846.pl,0,1,1,0,0,0,0,0,0,0,0,0,0,0,0,0,0,0,0,0,0,0,2,0,0,0,0,0,1,0,0,0,0,0,1,0,0,0,1
/data/serverless-dataset/dherault/serverless-offline/examples/lambda-invoke/serverless.yml,/data/results/dherault-serverless-offline-850.pl,0,2,1,1,0,0,0,0,0,0,0,0,0,0,0,0,0,0,0,0,0,0,1,0,0,0,1,0,0,0,4,2,2,2.0,0,0,0,0,0
/data/serverless-dataset/dherault/serverless-offline/tests/integration/lambda-invoke/serverless.yml,/data/results/dherault-serverless-offline-851.pl,0,9,3,6,0,0,0,0,0,0,0,0,0,0,0,0,0,0,0,0,0,0,1,0,0,0,1,0,0,0,144,16,16,16.0,0,0,0,0,0
/data/serverless-dataset/dherault/serverless-offline/tests/manual/websocket/main/scripts/serverless..yml,/data/results/dherault-serverless-offline-852.pl,0,13,0,13,1,0,0,0,1,1,0,0,0,0,0,0,0,0,0,0,0,0,2,0,0,0,0,0,1,0,104,8,8,8.0,0,0,0,0,0
/data/serverless-dataset/thundra-io/thundra-examples-lambda-nodejs/sampling-demo/serverless.yml,/data/results/thundra-io-thundra-examples-lambda-nodejs-856.pl,0,3,3,0,0,0,0,0,0,0,0,0,0,0,0,0,0,0,0,0,0,0,1,0,0,0,1,0,0,1,0,0,0,0,0,0,0,0,0
/data/serverless-dataset/thundra-io/thundra-examples-lambda-nodejs/automatic-instrumentation/serverless.yml,/data/results/thundra-io-thundra-examples-lambda-nodejs-857.pl,0,1,1,0,0,0,0,0,0,0,0,0,0,0,0,0,0,0,0,0,0,0,1,0,0,0,1,0,0,2,0,0,0,0,0,0,0,0,0
/data/serverless-dataset/thundra-io/thundra-examples-lambda-nodejs/thundra-node10x/serverless.yml,/data/results/thundra-io-thundra-examples-lambda-nodejs-858.pl,0,1,1,0,0,0,0,0,0,0,0,0,0,0,0,0,0,0,0,0,0,0,1,0,0,0,1,0,0,1,0,0,0,0,0,0,0,0,0
/data/serverless-dataset/thundra-io/thundra-examples-lambda-nodejs/integration-demo/serverless.yml,/data/results/thundra-io-thundra-examples-lambda-nodejs-859.pl,0,1,1,0,0,0,0,0,0,0,0,0,0,0,0,0,0,0,0,0,0,0,1,0,0,0,1,0,0,1,0,0,0,0,0,0,0,0,0
/data/serverless-dataset/thundra-io/thundra-examples-lambda-nodejs/alexa-skill-demo/lambda/custom/serverless.yml,/data/results/thundra-io-thundra-examples-lambda-nodejs-860.pl,0,1,1,0,0,0,0,0,0,0,0,0,0,0,0,0,0,0,0,0,0,0,1,0,0,0,1,0,0,1,0,0,0,0,1,0,0,0,0
/data/serverless-dataset/thundra-io/thundra-examples-lambda-nodejs/chaos-injection/serverless.yml,/data/results/thundra-io-thundra-examples-lambda-nodejs-861.pl,0,2,2,0,0,0,0,0,0,0,0,0,0,0,0,0,0,0,0,0,0,0,1,0,0,0,1,0,0,1,0,0,0,0,0,0,0,0,0
/data/serverless-dataset/thundra-io/thundra-examples-lambda-nodejs/apollo-server-lambda/serverless.yml,/data/results/thundra-io-thundra-examples-lambda-nodejs-862.pl,0,1,0,1,0,0,0,0,0,0,0,0,0,0,0,0,0,0,0,0,0,0,1,0,0,0,1,0,0,1,0,0,0,0,0,0,0,0,0
/data/serverless-dataset/thundra-io/thundra-examples-lambda-nodejs/hello-thundra-async/serverless.yml,/data/results/thundra-io-thundra-examples-lambda-nodejs-863.pl,0,1,1,0,0,0,0,0,0,0,0,0,0,0,0,0,0,0,0,0,0,0,1,0,0,0,1,0,0,1,0,0,0,0,0,0,0,0,0
/data/serverless-dataset/thundra-io/thundra-examples-lambda-nodejs/aws-serverless-express/serverless.yml,/data/results/thundra-io-thundra-examples-lambda-nodejs-864.pl,0,1,0,1,0,0,0,0,0,0,0,0,0,0,0,0,0,0,0,0,0,0,1,0,0,0,1,0,0,1,0,0,0,0,0,0,0,0,0
/data/serverless-dataset/thundra-io/thundra-examples-lambda-nodejs/express-serverless-http/serverless.yml,/data/results/thundra-io-thundra-examples-lambda-nodejs-865.pl,0,1,0,1,0,0,0,0,0,0,0,0,0,0,0,0,0,0,0,0,0,0,1,0,0,0,1,0,0,1,0,0,0,0,0,0,0,0,0
/data/serverless-dataset/thundra-io/thundra-examples-lambda-nodejs/thundra-knex-mysql2/serverless.yml,/data/results/thundra-io-thundra-examples-lambda-nodejs-866.pl,0,1,1,0,0,0,0,0,0,0,0,0,0,0,0,0,0,0,0,0,0,0,1,0,0,0,1,0,0,1,0,0,0,0,0,0,0,0,0
/data/serverless-dataset/thundra-io/thundra-examples-lambda-nodejs/hello-thundra/serverless.yml,/data/results/thundra-io-thundra-examples-lambda-nodejs-867.pl,0,1,1,0,0,0,0,0,0,0,0,0,0,0,0,0,0,0,0,0,0,0,1,0,0,0,1,0,0,1,0,0,0,0,0,0,0,0,0
/data/serverless-dataset/thundra-io/thundra-examples-lambda-java/hello-world/serverless.yml,/data/results/thundra-io-thundra-examples-lambda-java-868.pl,0,2,2,0,0,0,0,0,0,0,0,0,0,0,0,0,0,0,0,0,0,0,1,0,0,0,1,0,0,1,0,0,0,0,0,0,0,0,0
/data/serverless-dataset/thundra-io/thundra-examples-lambda-java/image-link-extractor/serverless.yml,/data/results/thundra-io-thundra-examples-lambda-java-869.pl,0,2,2,0,0,0,0,0,0,0,0,0,0,0,0,0,0,0,0,0,0,0,1,0,0,0,1,0,0,1,0,0,0,0,0,0,0,0,0
/data/serverless-dataset/honeycombio/examples/node-serverless-app/serverless.yml,/data/results/honeycombio-examples-870.pl,0,1,0,1,1,0,0,0,1,0,0,0,0,0,1,0,0,0,0,0,0,0,2,0,0,0,0,0,1,0,4,4,4,4.0,0,0,0,0,0
/data/serverless-dataset/adhorn/chaos-ssm-documents/automation/stop-instance/lambdaAction/serverless.yml,/data/results/adhorn-chaos-ssm-documents-875.pl,0,1,1,0,0,0,0,0,0,0,0,0,0,0,0,0,0,0,0,0,0,0,1,0,0,0,1,0,0,0,0,0,0,0,0,0,0,0,0
/data/serverless-dataset/joseph-holland/lambda-graffiti-monkey/serverless.yml,/data/results/joseph-holland-lambda-graffiti-monkey-884.pl,0,1,1,0,0,0,0,0,0,0,0,0,0,0,0,0,0,0,0,0,0,0,1,0,0,0,1,0,0,0,0,0,0,0,1,0,0,0,0
/data/serverless-dataset/fourTheorem/ai-as-a-service/chapter7/text-analysis/text-analysis-api/serverless.yml,/data/results/fourTheorem-ai-as-a-service-888.pl,0,2,0,2,1,1,0,0,0,0,0,0,0,0,1,0,0,0,0,0,0,0,2,0,0,0,1,0,1,0,6,3,3,3.0,0,0,0,0,0
/data/serverless-dataset/fourTheorem/ai-as-a-service/chapter7/pipeline/translate/serverless.yml,/data/results/fourTheorem-ai-as-a-service-889.pl,0,1,1,0,1,0,0,0,1,0,0,0,0,1,0,0,0,0,0,0,0,0,1,0,0,0,1,0,0,0,2,2,2,2.0,1,0,0,1,0
/data/serverless-dataset/fourTheorem/ai-as-a-service/chapter7/pipeline/classify/serverless.yml,/data/results/fourTheorem-ai-as-a-service-890.pl,0,1,1,0,1,0,0,0,1,0,0,0,0,0,1,0,0,0,0,0,0,0,4,0,0,0,3,0,0,1,4,4,4,4.0,1,0,0,1,0
/data/serverless-dataset/fourTheorem/ai-as-a-service/chapter7/pipeline/sentiment/serverless.yml,/data/results/fourTheorem-ai-as-a-service-891.pl,0,1,1,0,1,0,0,0,1,0,0,0,0,1,0,0,0,0,0,0,0,0,2,0,0,0,2,0,0,0,2,2,2,2.0,1,0,0,1,0
/data/serverless-dataset/fourTheorem/ai-as-a-service/chapter7/pipeline/pipeline-api/serverless.yml,/data/results/fourTheorem-ai-as-a-service-892.pl,0,1,0,1,1,0,0,0,1,0,0,0,0,1,0,0,0,0,0,0,0,0,1,0,0,0,1,0,0,0,1,1,1,1.0,0,0,0,0,0
/data/serverless-dataset/genkio/spider-less/serverless.yml,/data/results/genkio-spider-less-904.pl,0,3,2,1,1,0,0,0,1,1,0,0,0,0,0,0,0,0,0,0,0,0,1,0,0,0,0,0,1,0,18,6,6,6.0,1,0,0,0,0
/data/serverless-dataset/augustoscher/curso-aws-serverless-apps/03-image-analysis/image-analysis/serverless.yml,/data/results/augustoscher-curso-aws-serverless-apps-916.pl,0,1,0,1,0,0,0,0,0,0,0,0,0,0,0,0,0,0,0,0,0,0,2,0,0,0,2,0,0,0,0,0,0,0,0,0,0,0,0
/data/serverless-dataset/jacob-grahn/plant-right-4/pr2-level-importer/serverless.yml,/data/results/jacob-grahn-plant-right-4-918.pl,0,1,0,1,0,0,0,0,0,0,0,0,0,0,0,0,0,0,0,0,0,0,1,0,0,0,0,0,0,0,2,2,2,2.0,0,0,0,0,0
/data/serverless-dataset/theburningmonk/lambda-logging-metrics-demo/serverless.yml,/data/results/theburningmonk-lambda-logging-metrics-demo-927.pl,0,3,2,1,0,0,0,0,0,0,0,0,0,0,0,0,0,0,0,0,0,0,1,0,0,0,1,0,0,0,0,0,0,0,0,0,0,0,0
/data/serverless-dataset/theburningmonk/lambda-config-demo/serverless.yml,/data/results/theburningmonk-lambda-config-demo-928.pl,0,4,4,0,4,0,0,0,4,0,0,0,0,0,0,0,0,4,0,0,0,0,1,0,0,0,0,0,0,0,16,4,4,4.0,0,0,0,0,0
/data/serverless-dataset/theburningmonk/aws-sdk-coldstart-overhead/serverless.yml,/data/results/theburningmonk-aws-sdk-coldstart-overhead-930.pl,0,10,10,0,0,0,0,0,0,0,0,0,0,0,0,0,0,0,0,0,0,0,0,1,1,1.0,2,0,0,0,27,27,27,27.0,0,0,0,0,0
/data/serverless-dataset/theburningmonk/janitor-lambda/serverless.yml,/data/results/theburningmonk-janitor-lambda-935.pl,0,1,1,0,0,0,0,0,0,0,0,0,0,0,0,0,0,0,0,0,0,0,1,0,0,0,1,0,0,1,0,0,0,0,1,0,0,0,0
/data/serverless-dataset/theburningmonk/better-dynamodb-scaling/serverless.yml,/data/results/theburningmonk-better-dynamodb-scaling-936.pl,0,4,4,0,0,0,0,0,0,0,0,0,0,0,0,0,0,0,0,0,0,0,3,0,0,0,2,0,0,0,4,1,1,1.0,2,0,0,0,1
/data/serverless-dataset/bholtbholt/static-site-mailer/serverless.yml,/data/results/bholtbholt-static-site-mailer-938.pl,0,1,0,1,0,0,0,0,0,0,0,0,0,0,0,0,0,0,0,0,0,0,1,0,0,0,1,0,0,0,0,0,0,0,0,0,0,0,0
/data/serverless-dataset/sbarski/serverless-chatbot/Lesson 4/serverless.yml,/data/results/sbarski-serverless-chatbot-941.pl,0,3,2,1,0,0,0,0,0,0,0,0,0,0,0,0,0,0,0,0,0,0,3,0,0,0,1,0,2,0,0,0,0,0,8,8,0,0,0
/data/serverless-dataset/sbarski/serverless-chatbot/Lesson 3/serverless.yml,/data/results/sbarski-serverless-chatbot-942.pl,0,2,1,1,0,0,0,0,0,0,0,0,0,0,0,0,0,0,0,0,0,0,1,0,0,0,0,0,1,0,0,0,0,0,4,4,0,0,0
/data/serverless-dataset/sbarski/serverless-chatbot/Lesson 5/serverless.yml,/data/results/sbarski-serverless-chatbot-943.pl,0,3,2,1,0,0,0,0,0,0,0,0,0,0,0,0,0,0,0,0,0,0,3,0,0,0,1,0,2,0,0,0,0,0,8,8,0,0,0
/data/serverless-dataset/AgileVisionCompany/step-functions-demo/serverless.yml,/data/results/AgileVisionCompany-step-functions-demo-948.pl,0,4,4,0,2,0,0,0,2,1,0,0,0,0,1,0,0,0,0,0,0,0,5,0,0,0,3,0,2,5,60,15,15,15.0,4,4,0,0,0
/data/serverless-dataset/pmuens/serverless-book/xx-code/todos/backend/serverless.yml,/data/results/pmuens-serverless-book-949.pl,0,5,0,5,1,0,0,0,1,1,0,0,0,0,0,0,0,0,0,0,0,0,1,0,0,0,0,0,1,0,35,7,7,7.0,0,0,0,0,0
/data/serverless-dataset/pmuens/serverless-crud/serverless.yml,/data/results/pmuens-serverless-crud-950.pl,0,5,0,5,1,0,0,0,1,1,0,0,0,0,0,0,0,0,0,0,0,0,1,0,0,0,0,0,1,0,35,7,7,7.0,0,0,0,0,0
/data/serverless-dataset/pmuens/serverless-lambda-chaining/serverless.yml,/data/results/pmuens-serverless-lambda-chaining-951.pl,0,2,2,0,0,0,0,0,0,0,0,0,0,0,0,0,0,0,0,0,0,0,1,0,0,0,1,0,0,1,0,0,0,0,1,0,0,0,1
/data/serverless-dataset/pmuens/serverless-kinesis-streams/serverless.yml,/data/results/pmuens-serverless-kinesis-streams-952.pl,0,2,2,0,0,0,0,0,0,0,0,0,0,0,0,0,0,0,0,0,0,0,1,0,0,0,1,0,0,1,0,0,0,0,1,0,0,1,0
/data/serverless-dataset/pmuens/serverless-dynamodb-streams/serverless.yml,/data/results/pmuens-serverless-dynamodb-streams-953.pl,0,2,2,0,0,0,0,0,0,0,0,0,0,0,0,0,0,0,0,0,0,0,1,0,0,0,1,0,0,1,0,0,0,0,1,0,0,1,0
/data/serverless-dataset/pmuens/serverless-landingpage-backend/serverless.yml,/data/results/pmuens-serverless-landingpage-backend-954.pl,0,1,0,1,1,0,0,0,1,1,0,0,0,0,0,0,0,0,0,0,0,0,1,0,0,0,0,0,1,0,5,5,5,5.0,0,0,0,0,0
/data/serverless-dataset/yuvadm/geshem.space/cron/serverless.yml,/data/results/yuvadm-geshem.space-957.pl,0,1,1,0,1,0,0,0,1,0,0,0,0,0,1,0,0,0,0,0,0,0,2,0,0,0,0,0,1,2,4,4,4,4.0,1,0,0,0,0
/data/serverless-dataset/Brikl/serverless-apollo-datasource-redis/serverless.yml,/data/results/Brikl-serverless-apollo-datasource-redis-962.pl,0,1,0,1,0,0,0,0,0,0,0,0,0,0,0,0,0,0,0,0,0,0,2,0,0,0,1,0,0,0,1,1,1,1.0,0,0,0,0,0
/data/serverless-dataset/Autodesk-Forge/design.automation-custom-data-viewer/src/lambda/serverless.yml,/data/results/Autodesk-Forge-design.automation-custom-data-viewer-964.pl,0,4,0,4,1,0,0,0,1,0,0,0,0,0,1,0,0,0,0,0,0,0,1,0,0,0,1,0,0,0,12,3,3,3.0,0,0,0,0,0
/data/serverless-dataset/ahmedbesbes/cartoonify/backend/serverless.yml,/data/results/ahmedbesbes-cartoonify-965.pl,0,1,0,1,0,0,0,0,0,0,0,0,0,0,0,0,0,0,0,0,0,0,2,0,0,0,1,0,0,0,1,1,1,1.0,0,0,0,0,0
/data/serverless-dataset/epsagon/reddit-slackbot/serverless.yml,/data/results/epsagon-reddit-slackbot-970.pl,0,1,1,0,0,0,0,0,0,0,0,0,0,0,0,0,0,0,0,0,0,0,1,0,0,0,0,0,0,0,1,1,1,1.0,1,0,0,0,0
/data/serverless-dataset/epsagon/lambda-internals/python/serverless.yml,/data/results/epsagon-lambda-internals-971.pl,0,5,5,0,0,0,0,0,0,0,0,0,0,0,0,0,0,0,0,0,0,0,1,0,0,0,1,0,0,1,0,0,0,0,0,0,0,0,0
/data/serverless-dataset/epsagon/lambda-internals/node/serverless.yml,/data/results/epsagon-lambda-internals-972.pl,0,2,2,0,0,0,0,0,0,0,0,0,0,0,0,0,0,0,0,0,0,0,1,0,0,0,1,0,0,1,0,0,0,0,0,0,0,0,0
/data/serverless-dataset/binaris/faasmark/providers/aws/serverless.yml,/data/results/binaris-faasmark-974.pl,0,11,9,2,0,0,0,0,0,0,0,0,0,0,0,0,0,0,0,0,0,0,1,0,0,0,1,0,0,0,110,10,10,10.0,0,0,0,0,0
/data/serverless-dataset/lidcore/bucklescript-serverless-media-pipeline-demo/serverless.yml,/data/results/lidcore-bucklescript-serverless-media-pipeline-demo-975.pl,0,2,1,1,0,0,0,0,0,0,0,0,0,0,0,0,0,0,0,0,0,0,2,0,0,0,0,0,0,0,6,3,3,3.0,0,0,0,0,0
/data/serverless-dataset/phodal/serverless/track/serverless.yml,/data/results/phodal-serverless-989.pl,0,3,0,3,1,0,0,0,1,1,0,0,0,0,0,0,0,0,0,0,0,0,1,0,0,0,0,0,1,0,21,7,7,7.0,0,0,0,0,0
/data/serverless-dataset/phodal/serverless/serverless-s3-crud/serverless.yml,/data/results/phodal-serverless-998.pl,0,6,0,6,1,1,0,0,0,0,0,0,0,0,1,0,0,0,0,0,0,0,2,0,0,0,0,0,1,0,24,4,4,4.0,0,0,0,0,0
/data/serverless-dataset/garden-aid/web-bff/serverless.yaml,/data/results/garden-aid-web-bff-1002.pl,0,2,1,1,0,0,0,0,0,0,0,0,0,0,0,0,0,0,0,0,0,0,1,0,0,0,0,0,1,0,0,0,0,0,0,0,0,0,0
/data/serverless-dataset/cisagov/crossfeed/backend/serverless.yml,/data/results/cisagov-crossfeed-1003.pl,0,6,5,1,0,0,0,0,0,0,0,0,0,0,0,0,0,0,0,0,0,0,4,0,0,0,4,0,0,0,60,10,10,10.0,2,0,0,0,0
/data/serverless-dataset/RicardoSGZ/rs1-free-web-tools/serverless-compresstool/serverless.yml,/data/results/RicardoSGZ-rs1-free-web-tools-1004.pl,0,2,0,2,0,0,0,0,0,0,0,0,0,0,0,0,0,0,0,0,0,0,1,0,0,0,0,0,1,1,0,0,0,0,0,0,0,0,0
/data/serverless-dataset/RicardoSGZ/rs1-free-web-tools/serverless-webvps/serverless.yml,/data/results/RicardoSGZ-rs1-free-web-tools-1005.pl,0,11,4,7,0,0,0,0,0,0,0,0,0,0,0,0,0,0,0,0,0,0,3,0,0,0,3,0,0,2,0,0,0,0,0,0,0,0,0
/data/serverless-dataset/RicardoSGZ/rs1-free-web-tools/serverless-storagetool/serverless.yml,/data/results/RicardoSGZ-rs1-free-web-tools-1006.pl,0,2,0,2,0,0,0,0,0,0,0,0,0,0,0,0,0,0,0,0,0,0,2,0,0,0,1,0,1,1,0,0,0,0,0,0,0,0,0
/data/serverless-dataset/localstack/localstack-pro-samples/cloudfront-distributions/serverless.yml,/data/results/localstack-localstack-pro-samples-1008.pl,0,3,0,3,2,0,0,0,2,0,0,0,0,0,2,0,0,0,0,0,0,0,1,0,0,0,1,0,0,1,24,8,8,8.0,0,0,0,0,0
/data/serverless-dataset/mepa1363/mobility-explorer/scheduled-cron/serverless.yml,/data/results/mepa1363-mobility-explorer-1016.pl,0,3,3,0,0,0,0,0,0,0,0,0,0,0,0,0,0,0,0,0,0,0,2,0,0,0,0,0,2,0,0,0,0,0,3,0,0,0,0
/data/serverless-dataset/matthisk/es6console/lambda/serverless.yml,/data/results/matthisk-es6console-1021.pl,0,3,0,3,2,0,0,0,2,0,0,0,0,0,2,0,0,0,0,0,0,0,3,0,0,0,0,0,1,4,9,3,3,3.0,0,0,0,0,0
/data/serverless-dataset/mapbox/landsat-tiler/serverless.yml,/data/results/mapbox-landsat-tiler-1034.pl,0,1,0,1,0,0,0,0,0,0,0,0,0,0,0,0,0,0,0,0,0,0,1,0,0,0,0,0,1,0,0,0,0,0,0,0,0,0,0
/data/serverless-dataset/bridgecrewio/checkov/tests/serverless/checks/example_WildcardEntities/serverless.yml,/data/results/bridgecrewio-checkov-1040.pl,0,1,1,0,0,0,0,0,0,0,0,0,0,0,0,0,0,0,0,0,0,0,0,1,1,1.0,0,0,0,0,1,1,1,1.0,0,0,0,0,0
/data/serverless-dataset/bridgecrewio/checkov/tests/serverless/checks/aws/example_AWSCredentials/AWSCredentials-FAILED-func_level/serverless.yml,/data/results/bridgecrewio-checkov-1041.pl,0,1,1,0,0,0,0,0,0,0,0,0,0,0,0,0,0,0,0,0,0,0,1,1,1,1.0,0,0,1,0,1,1,1,1.0,0,0,0,0,0
/data/serverless-dataset/bridgecrewio/checkov/tests/serverless/checks/aws/example_AWSCredentials/AWSCredentials-FAILED-provider_level/serverless.yml,/data/results/bridgecrewio-checkov-1042.pl,0,1,1,0,0,0,0,0,0,0,0,0,0,0,0,0,0,0,0,0,0,0,1,1,1,1.0,0,0,1,0,1,1,1,1.0,0,0,0,0,0
/data/serverless-dataset/bridgecrewio/checkov/tests/serverless/checks/aws/example_AWSCredentials/AWSCredentials-PASSED/serverless.yml,/data/results/bridgecrewio-checkov-1043.pl,0,1,1,0,0,0,0,0,0,0,0,0,0,0,0,0,0,0,0,0,0,0,1,1,1,1.0,0,0,1,0,1,1,1,1.0,0,0,0,0,0
/data/serverless-dataset/bridgecrewio/checkov/tests/serverless/checks/aws/example_S3PublicACLRead/S3PublicACLRead-PASSED/serverless.yml,/data/results/bridgecrewio-checkov-1044.pl,0,1,1,0,0,0,0,0,0,0,0,0,0,0,0,0,0,0,0,0,0,0,0,1,1,1.0,0,0,0,0,1,1,1,1.0,0,0,0,0,0
/data/serverless-dataset/bridgecrewio/checkov/tests/serverless/checks/aws/example_StarActionPolicyDocument/StarActionPolicyDocument-FAILED-func_level/serverless.yml,/data/results/bridgecrewio-checkov-1045.pl,0,1,1,0,0,0,0,0,0,0,0,0,0,0,0,0,0,0,0,0,0,0,1,1,1,1.0,0,1,1,0,2,2,2,2.0,0,0,0,0,0
/data/serverless-dataset/bridgecrewio/checkov/tests/serverless/checks/aws/example_StarActionPolicyDocument/StarActionPolicyDocument-PASSED/serverless.yml,/data/results/bridgecrewio-checkov-1046.pl,0,1,1,0,0,0,0,0,0,0,0,0,0,0,0,0,0,0,0,0,0,0,1,1,1,1.0,0,0,1,0,1,1,1,1.0,0,0,0,0,0
/data/serverless-dataset/bridgecrewio/checkov/tests/serverless/checks/aws/example_StarActionPolicyDocument/StarActionPolicyDocument-FAILED-provider_level/serverless.yml,/data/results/bridgecrewio-checkov-1047.pl,0,1,1,0,0,0,0,0,0,0,0,0,0,0,0,0,0,0,0,0,0,0,1,1,1,1.0,0,1,1,0,1,1,1,1.0,0,0,0,0,0
/data/serverless-dataset/bridgecrewio/checkov/tests/serverless/checks/aws/example_AdminPolicyDocument/AdminPolicyDocument-PASSED/serverless.yml,/data/results/bridgecrewio-checkov-1048.pl,0,1,1,0,0,0,0,0,0,0,0,0,0,0,0,0,0,0,0,0,0,0,1,1,1,1.0,0,0,1,0,1,1,1,1.0,0,0,0,0,0
/data/serverless-dataset/bridgecrewio/checkov/tests/serverless/checks/aws/example_AdminPolicyDocument/AdminPolicyDocument-FAILED-provider_level_with_ext_yaml_var/serverless.yml,/data/results/bridgecrewio-checkov-1049.pl,0,1,1,0,0,0,0,0,0,0,0,0,0,0,0,0,0,0,0,0,0,0,1,1,1,1.0,1,1,0,0,1,1,1,1.0,0,0,0,0,0
/data/serverless-dataset/bridgecrewio/checkov/tests/serverless/checks/aws/example_AdminPolicyDocument/AdminPolicyDocument-FAILED-func_level/serverless.yml,/data/results/bridgecrewio-checkov-1050.pl,0,1,1,0,0,0,0,0,0,0,0,0,0,0,0,0,0,0,0,0,0,0,1,1,1,1.0,1,1,1,0,0,0,0,0,0,0,0,0,0
/data/serverless-dataset/bridgecrewio/checkov/tests/serverless/checks/aws/example_AdminPolicyDocument/AdminPolicyDocument-FAILED-provider_level_with_env_var/serverless.yml,/data/results/bridgecrewio-checkov-1051.pl,0,1,1,0,0,0,0,0,0,0,0,0,0,0,0,0,0,0,0,0,0,0,1,1,1,1.0,0,0,0,0,1,1,1,1.0,0,0,0,0,0
/data/serverless-dataset/bridgecrewio/checkov/tests/serverless/checks/aws/example_AdminPolicyDocument/AdminPolicyDocument-FAILED-provider_level_with_var/serverless.yml,/data/results/bridgecrewio-checkov-1052.pl,0,1,1,0,0,0,0,0,0,0,0,0,0,0,0,0,0,0,0,0,0,0,1,1,1,1.0,1,1,0,0,1,1,1,1.0,0,0,0,0,0
/data/serverless-dataset/bridgecrewio/checkov/tests/serverless/checks/aws/example_AdminPolicyDocument/AdminPolicyDocument-FAILED-provider_level/serverless.yml,/data/results/bridgecrewio-checkov-1054.pl,0,1,1,0,0,0,0,0,0,0,0,0,0,0,0,0,0,0,0,0,0,0,1,1,1,1.0,1,1,0,0,1,1,1,1.0,0,0,0,0,0
